,date_of_acquisition,donor_name,genotype_name,imaging_depth,ophys_session_id,project_code,specimen_id,stimulus_name,storage_directory,targeted_structure
0,2018-04-12 15:26:00,Rbp4-Cre_KL100;Camk2a-tTA;Ai93(NC)-373112,Rbp4-Cre_KL100,375,682746585,VisCodingTargetedContrast,661968859,VisCodingTargetedContrast,/allen/programs/braintv/production/neuralcoding/prod48/specimen_661968859/ophys_session_682746585/,VISp
1,2018-04-26 19:37:07,Rorb-IRES2-Cre;Camk2a-tTA;Ai93-378346,Rorb-IRES2-Cre,275,690751383,VisCodingTargetedContrast,671540231,VisCodingTargetedContrast,/allen/programs/braintv/production/neuralcoding/prod50/specimen_671540231/ophys_session_690751383/,VISl
2,2018-04-16 17:34:25,Rbp4-Cre_KL100;Camk2a-tTA;Ai93(NC)-373112,Rbp4-Cre_KL100,375,684856233,VisCodingTargetedRunningDecoding,661968859,VisCodingTargetedRunningDecoding,/allen/programs/braintv/production/neuralcoding/prod48/specimen_661968859/ophys_session_684856233/,VISp
3,2018-05-02 19:10:17,Sst-IRES-Cre;Ai148-377629,Sst-IRES-Cre,275,693163510,VisCodingTargetedTFxSF,664744816,VisCodingTargetedTFxSF,/allen/programs/braintv/production/neuralcoding/prod49/specimen_664744816/ophys_session_693163510/,VISp
4,2018-04-20 19:33:21,Sst-IRES-Cre;Ai148-377321,Sst-IRES-Cre,275,687293842,VisCodingTargetedTFxSF,664605504,VisCodingTargetedTFxSF,/allen/programs/braintv/production/neuralcoding/prod48/specimen_664605504/ophys_session_687293842/,VISpm
5,2018-04-30 16:17:55,Vip-IRES-Cre;Ai148-379348,Vip-IRES-Cre,175,691862168,VisCodingTargetedContrast,669165768,VisCodingTargetedContrast,/allen/programs/braintv/production/neuralcoding/prod49/specimen_669165768/ophys_session_691862168/,VISp
6,2018-05-10 22:42:15,Sst-IRES-Cre;Ai148-377321,Sst-IRES-Cre,275,696537321,VisCodingTargetedContrast,664605504,VisCodingTargetedContrast,/allen/programs/braintv/production/neuralcoding/prod48/specimen_664605504/ophys_session_696537321/,VISal
7,2018-04-19 21:30:00,Sst-IRES-Cre;Ai148-377321,Sst-IRES-Cre,275,686708257,VisCodingTargetedTFxSF,664605504,VisCodingTargetedTFxSF,/allen/programs/braintv/production/neuralcoding/prod48/specimen_664605504/ophys_session_686708257/,VISl
8,2018-04-19 16:59:06,Ntsr1-Cre_GN220;Ai148-377129,Ntsr1-Cre_GN220,550,686569087,VisCodingTargetedContrast,666788991,VisCodingTargetedContrast,/allen/programs/braintv/production/neuralcoding/prod49/specimen_666788991/ophys_session_686569087/,VISp
9,2018-04-27 23:09:53,Sst-IRES-Cre;Ai148-377321,Sst-IRES-Cre,275,691741646,VisCodingTargetedTFxSF,664605504,VisCodingTargetedTFxSF,/allen/programs/braintv/production/neuralcoding/prod48/specimen_664605504/ophys_session_691741646/,VISpm
10,2018-04-11 17:34:20,Rbp4-Cre_KL100;Camk2a-tTA;Ai93(NC)-373112,Rbp4-Cre_KL100,375,681698752,VisCodingTargetedTFxSF,661968859,VisCodingTargetedTFxSF,/allen/programs/braintv/production/neuralcoding/prod48/specimen_661968859/ophys_session_681698752/,VISp
11,2018-05-04 22:45:15,Rorb-IRES2-Cre;Camk2a-tTA;Ai93-377151,Rorb-IRES2-Cre,275,694475497,VisCodingTargetedContrast,666839638,VisCodingTargetedContrast,/allen/programs/braintv/production/neuralcoding/prod49/specimen_666839638/ophys_session_694475497/,VISal
12,2018-05-11 14:50:43,Vip-IRES-Cre;Ai148-383960,Vip-IRES-Cre,175,696742747,VisCodingTargetedContrast,678530120,VisCodingTargetedContrast,/allen/programs/braintv/production/neuralcoding/prod52/specimen_678530120/ophys_session_696742747/,VISp
13,2018-04-30 18:54:24,Rorb-IRES2-Cre;Camk2a-tTA;Ai93-378346,Rorb-IRES2-Cre,275,692130296,VisCodingTargetedContrast,671540231,VisCodingTargetedContrast,/allen/programs/braintv/production/neuralcoding/prod50/specimen_671540231/ophys_session_692130296/,VISp
14,2018-05-01 19:54:25,Rorb-IRES2-Cre;Camk2a-tTA;Ai93-378346,Rorb-IRES2-Cre,275,692713539,VisCodingTargetedContrast,671540231,VisCodingTargetedContrast,/allen/programs/braintv/production/neuralcoding/prod50/specimen_671540231/ophys_session_692713539/,VISpm
15,2018-04-30 22:01:36,Rorb-IRES2-Cre;Camk2a-tTA;Ai93-377151,Rorb-IRES2-Cre,275,692308988,VisCodingTargetedTFxSF,666839638,VisCodingTargetedTFxSF,/allen/programs/braintv/production/neuralcoding/prod49/specimen_666839638/ophys_session_692308988/,VISp
16,2018-04-25 19:20:05,Sst-IRES-Cre;Ai148-377629,Sst-IRES-Cre,275,689705421,VisCodingTargetedTFxSF,664744816,VisCodingTargetedTFxSF,/allen/programs/braintv/production/neuralcoding/prod49/specimen_664744816/ophys_session_689705421/,VISal
17,2018-05-01 22:16:50,Sst-IRES-Cre;Ai148-377321,Sst-IRES-Cre,275,692799916,VisCodingTargetedTFxSF,664605504,VisCodingTargetedTFxSF,/allen/programs/braintv/production/neuralcoding/prod48/specimen_664605504/ophys_session_692799916/,VISpm
18,2018-05-02 15:46:18,Rorb-IRES2-Cre;Camk2a-tTA;Ai93-383647,Rorb-IRES2-Cre,275,692896730,VisCodingTargetedContrast,675881553,VisCodingTargetedContrast,/allen/programs/braintv/production/neuralcoding/prod51/specimen_675881553/ophys_session_692896730/,VISl
19,2018-05-04 14:46:49,Rorb-IRES2-Cre;Camk2a-tTA;Ai93-383647,Rorb-IRES2-Cre,275,693913351,VisCodingTargetedContrast,675881553,VisCodingTargetedContrast,/allen/programs/braintv/production/neuralcoding/prod51/specimen_675881553/ophys_session_693913351/,VISp
20,2018-04-25 19:38:12,Rorb-IRES2-Cre;Camk2a-tTA;Ai93-378346,Rorb-IRES2-Cre,275,689723323,VisCodingTargetedContrast,671540231,VisCodingTargetedContrast,/allen/programs/braintv/production/neuralcoding/prod50/specimen_671540231/ophys_session_689723323/,VISal
21,2018-04-26 19:44:15,Sst-IRES-Cre;Ai148-377629,Sst-IRES-Cre,275,690759629,VisCodingTargetedTFxSF,664744816,VisCodingTargetedTFxSF,/allen/programs/braintv/production/neuralcoding/prod49/specimen_664744816/ophys_session_690759629/,VISl
22,2018-05-03 15:33:33,Rorb-IRES2-Cre;Camk2a-tTA;Ai93-383647,Rorb-IRES2-Cre,275,693352070,VisCodingTargetedContrast,675881553,VisCodingTargetedContrast,/allen/programs/braintv/production/neuralcoding/prod51/specimen_675881553/ophys_session_693352070/,VISal
23,2018-05-01 22:02:41,Rorb-IRES2-Cre;Camk2a-tTA;Ai93-377151,Rorb-IRES2-Cre,275,692796041,VisCodingTargetedContrast,666839638,VisCodingTargetedContrast,/allen/programs/braintv/production/neuralcoding/prod49/specimen_666839638/ophys_session_692796041/,VISp
24,2018-05-10 16:38:40,Rbp4-Cre_KL100;Camk2a-tTA;Ai93-381627,Rbp4-Cre_KL100,375,696247907,VisCodingTargetedTFxSF,673580710,VisCodingTargetedTFxSF,/allen/programs/braintv/production/neuralcoding/prod51/specimen_673580710/ophys_session_696247907/,VISp
25,2018-05-07 15:05:58,Rorb-IRES2-Cre;Camk2a-tTA;Ai93-383647,Rorb-IRES2-Cre,275,694568572,VisCodingTargetedContrast,675881553,VisCodingTargetedContrast,/allen/programs/braintv/production/neuralcoding/prod51/specimen_675881553/ophys_session_694568572/,VISpm
26,2018-05-08 20:03:27,Rorb-IRES2-Cre;Camk2a-tTA;Ai93-378346,Rorb-IRES2-Cre,275,695414843,VisCodingTargetedContrast,671540231,VisCodingTargetedContrast,/allen/programs/braintv/production/neuralcoding/prod50/specimen_671540231/ophys_session_695414843/,VISp
27,2018-05-14 15:22:55,Vip-IRES-Cre;Ai148-383960,Vip-IRES-Cre,175,697383979,VisCodingTargetedContrast,678530120,VisCodingTargetedContrast,/allen/programs/braintv/production/neuralcoding/prod52/specimen_678530120/ophys_session_697383979/,VISp
28,2018-05-16 14:47:15,Vip-IRES-Cre;Ai148-379899,Vip-IRES-Cre,175,698273664,VisCodingTargetedContrast,673647168,VisCodingTargetedContrast,/allen/programs/braintv/production/neuralcoding/prod51/specimen_673647168/ophys_session_698273664/,VISp
29,2018-05-02 19:07:57,Rorb-IRES2-Cre;Camk2a-tTA;Ai93-378346,Rorb-IRES2-Cre,275,693163207,VisCodingTargetedTFxSF,671540231,VisCodingTargetedTFxSF,/allen/programs/braintv/production/neuralcoding/prod50/specimen_671540231/ophys_session_693163207/,VISp
30,2018-05-02 17:06:28,Rbp4-Cre_KL100;Camk2a-tTA;Ai93-381627,Rbp4-Cre_KL100,375,692496401,VisCodingTargetedContrast,673580710,VisCodingTargetedContrast,/allen/programs/braintv/production/neuralcoding/prod51/specimen_673580710/ophys_session_692496401/,VISp
31,2018-05-02 23:09:08,Rorb-IRES2-Cre;Camk2a-tTA;Ai93-377151,Rorb-IRES2-Cre,275,693268220,VisCodingTargetedContrast,666839638,VisCodingTargetedContrast,/allen/programs/braintv/production/neuralcoding/prod49/specimen_666839638/ophys_session_693268220/,VISl
32,2018-05-03 21:26:35,Rorb-IRES2-Cre;Camk2a-tTA;Ai93-377151,Rorb-IRES2-Cre,275,693811236,VisCodingTargetedContrast,666839638,VisCodingTargetedContrast,/allen/programs/braintv/production/neuralcoding/prod49/specimen_666839638/ophys_session_693811236/,VISal
33,2018-05-16 18:54:32,Rbp4-Cre_KL100;Camk2a-tTA;Ai93-382481,Rbp4-Cre_KL100,375,698363196,VisCodingTargetedRunningDecoding,675861517,VisCodingTargetedRunningDecoding,/allen/programs/braintv/production/neuralcoding/prod51/specimen_675861517/ophys_session_698363196/,VISp
34,2018-05-08 23:15:46,Sst-IRES-Cre;Ai148-377321,Sst-IRES-Cre,275,695462675,VisCodingTargetedContrast,664605504,VisCodingTargetedContrast,/allen/programs/braintv/production/neuralcoding/prod48/specimen_664605504/ophys_session_695462675/,VISl
35,2018-05-03 17:16:43,Rbp4-Cre_KL100;Camk2a-tTA;Ai93-381627,Rbp4-Cre_KL100,375,693508136,VisCodingTargetedRunningDecoding,673580710,VisCodingTargetedRunningDecoding,/allen/programs/braintv/production/neuralcoding/prod51/specimen_673580710/ophys_session_693508136/,VISp
36,2018-05-17 14:54:50,Vip-IRES-Cre;Ai148-379899,Vip-IRES-Cre,175,698783832,VisCodingTargetedContrast,673647168,VisCodingTargetedContrast,/allen/programs/braintv/production/neuralcoding/prod51/specimen_673647168/ophys_session_698783832/,VISp
37,2018-05-07 19:34:19,Rorb-IRES2-Cre;Camk2a-tTA;Ai93-378346,Rorb-IRES2-Cre,275,694777122,VisCodingTargetedContrast,671540231,VisCodingTargetedContrast,/allen/programs/braintv/production/neuralcoding/prod50/specimen_671540231/ophys_session_694777122/,VISl
38,2018-05-08 16:22:06,Ntsr1-Cre_GN220;Ai148-377129,Ntsr1-Cre_GN220,550,695169813,VisCodingTargetedTFxSF,666788991,VisCodingTargetedTFxSF,/allen/programs/braintv/production/neuralcoding/prod49/specimen_666788991/ophys_session_695169813/,VISp
39,2018-05-07 21:42:18,Rorb-IRES2-Cre;Camk2a-tTA;Ai93-377151,Rorb-IRES2-Cre,275,694867337,VisCodingTargetedContrast,666839638,VisCodingTargetedContrast,/allen/programs/braintv/production/neuralcoding/prod49/specimen_666839638/ophys_session_694867337/,VISpm
40,2018-05-07 17:27:37,Rbp4-Cre_KL100;Camk2a-tTA;Ai93-381627,Rbp4-Cre_KL100,375,694681096,VisCodingTargetedRunningDecoding,673580710,VisCodingTargetedRunningDecoding,/allen/programs/braintv/production/neuralcoding/prod51/specimen_673580710/ophys_session_694681096/,VISp
41,2018-05-08 23:21:45,Rorb-IRES2-Cre;Camk2a-tTA;Ai93-377151,Rorb-IRES2-Cre,275,695464266,VisCodingTargetedContrast,666839638,VisCodingTargetedContrast,/allen/programs/braintv/production/neuralcoding/prod49/specimen_666839638/ophys_session_695464266/,VISpm
42,2018-05-10 16:41:51,Ntsr1-Cre_GN220;Ai148-379669,Ntsr1-Cre_GN220,550,696250333,VisCodingTargetedContrast,673728456,VisCodingTargetedContrast,/allen/programs/braintv/production/neuralcoding/prod51/specimen_673728456/ophys_session_696250333/,VISp
43,2018-05-09 14:58:22,Rbp4-Cre_KL100;Camk2a-tTA;Ai93-381627,Rbp4-Cre_KL100,375,694862252,VisCodingTargetedTFxSF,673580710,VisCodingTargetedTFxSF,/allen/programs/braintv/production/neuralcoding/prod51/specimen_673580710/ophys_session_694862252/,VISp
44,2018-05-07 21:29:02,Sst-IRES-Cre;Ai148-377321,Sst-IRES-Cre,275,694856258,VisCodingTargetedContrast,664605504,VisCodingTargetedContrast,/allen/programs/braintv/production/neuralcoding/prod48/specimen_664605504/ophys_session_694856258/,VISp
45,2018-05-14 15:57:43,Ntsr1-Cre_GN220;Ai148-379669,Ntsr1-Cre_GN220,550,697392152,VisCodingTargetedTFxSF,673728456,VisCodingTargetedTFxSF,/allen/programs/braintv/production/neuralcoding/prod51/specimen_673728456/ophys_session_697392152/,VISp
46,2018-05-14 15:23:36,Rbp4-Cre_KL100;Camk2a-tTA;Ai93-381627,Rbp4-Cre_KL100,375,697449744,VisCodingTargetedRunningDecoding,673580710,VisCodingTargetedRunningDecoding,/allen/programs/braintv/production/neuralcoding/prod51/specimen_673580710/ophys_session_697449744/,VISp
47,2018-05-16 14:50:12,Ntsr1-Cre_GN220;Ai148-379669,Ntsr1-Cre_GN220,550,698273667,VisCodingTargetedContrast,673728456,VisCodingTargetedContrast,/allen/programs/braintv/production/neuralcoding/prod51/specimen_673728456/ophys_session_698273667/,VISp
48,2018-05-23 16:27:07,Ntsr1-Cre_GN220;Ai148-382138,Ntsr1-Cre_GN220,550,701070416,VisCodingTargetedContrast,678653760,VisCodingTargetedContrast,/allen/programs/braintv/production/neuralcoding/prod52/specimen_678653760/ophys_session_701070416/,VISp
49,2018-05-09 16:05:49,Vip-IRES-Cre;Ai148-379348,Vip-IRES-Cre,175,695640480,VisCodingTargetedContrast,669165768,VisCodingTargetedContrast,/allen/programs/braintv/production/neuralcoding/prod49/specimen_669165768/ophys_session_695640480/,VISp
50,2018-05-17 14:38:02,Ntsr1-Cre_GN220;Ai148-379669,Ntsr1-Cre_GN220,550,698783733,VisCodingTargetedTFxSF,673728456,VisCodingTargetedTFxSF,/allen/programs/braintv/production/neuralcoding/prod51/specimen_673728456/ophys_session_698783733/,VISp
51,2018-05-09 15:22:47,Rorb-IRES2-Cre;Camk2a-tTA;Ai93-383647,Rorb-IRES2-Cre,275,695633877,VisCodingTargetedTFxSF,675881553,VisCodingTargetedTFxSF,/allen/programs/braintv/production/neuralcoding/prod51/specimen_675881553/ophys_session_695633877/,VISp
52,2018-05-09 23:48:08,Sst-IRES-Cre;Ai148-377321,Sst-IRES-Cre,275,696130311,VisCodingTargetedTFxSF,664605504,VisCodingTargetedTFxSF,/allen/programs/braintv/production/neuralcoding/prod48/specimen_664605504/ophys_session_696130311/,VISp
53,2018-05-09 16:56:18,Ntsr1-Cre_GN220;Ai148-377129,Ntsr1-Cre_GN220,550,695746063,VisCodingTargetedTFxSF,666788991,VisCodingTargetedTFxSF,/allen/programs/braintv/production/neuralcoding/prod49/specimen_666788991/ophys_session_695746063/,VISp
54,2018-05-14 18:59:19,Rbp4-Cre_KL100;Camk2a-tTA;Ai93-382481,Rbp4-Cre_KL100,375,697608599,VisCodingTargetedTFxSF,675861517,VisCodingTargetedTFxSF,/allen/programs/braintv/production/neuralcoding/prod51/specimen_675861517/ophys_session_697608599/,VISp
55,2018-05-22 15:31:06,Rorb-IRES2-Cre;Camk2a-tTA;Ai93-383647,Rorb-IRES2-Cre,275,700599622,VisCodingTargetedTFxSF,675881553,VisCodingTargetedTFxSF,/allen/programs/braintv/production/neuralcoding/prod51/specimen_675881553/ophys_session_700599622/,VISp
56,2018-05-17 19:30:11,Sst-IRES-Cre;Ai148-377629,Sst-IRES-Cre,275,698999602,VisCodingTargetedTFxSF,664744816,VisCodingTargetedTFxSF,/allen/programs/braintv/production/neuralcoding/prod49/specimen_664744816/ophys_session_698999602/,VISpm
57,2018-06-04 15:11:44,Rorb-IRES2-Cre;Camk2a-tTA;Ai93-383647,Rorb-IRES2-Cre,275,704884742,VisCodingTargetedMovies,675881553,VisCodingTargetedMovieClips,/allen/programs/braintv/production/neuralcoding/prod51/specimen_675881553/ophys_session_704884742/,VISpm
58,2018-06-08 14:49:29,Rorb-IRES2-Cre;Camk2a-tTA;Ai93-383647,Rorb-IRES2-Cre,275,707039323,VisCodingTargetedMovies,675881553,VisCodingTargetedMovieClips,/allen/programs/braintv/production/neuralcoding/prod51/specimen_675881553/ophys_session_707039323/,VISp
59,2018-06-11 15:25:47,Rorb-IRES2-Cre;Camk2a-tTA;Ai93-387737,Rorb-IRES2-Cre,275,707485818,VisCodingTargetedMovies,687343742,VisCodingTargetedMovieClips,/allen/programs/braintv/production/neuralcoding/prod53/specimen_687343742/ophys_session_707485818/,VISl
60,2018-06-04 17:00:00,Ntsr1-Cre_GN220;Ai148-382138,Ntsr1-Cre_GN220,550,704884981,VisCodingTargetedMovies,678653760,VisCodingTargetedMovieClips,/allen/programs/braintv/production/neuralcoding/prod52/specimen_678653760/ophys_session_704884981/,VISp
61,2018-06-05 14:47:12,Rorb-IRES2-Cre;Camk2a-tTA;Ai93-383647,Rorb-IRES2-Cre,275,705447901,VisCodingTargetedMovies,675881553,VisCodingTargetedMovieClips,/allen/programs/braintv/production/neuralcoding/prod51/specimen_675881553/ophys_session_705447901/,VISpm
62,2018-05-30 18:59:16,Rbp4-Cre_KL100;Camk2a-tTA;Ai93-382481,Rbp4-Cre_KL100,375,703525416,VisCodingTargetedMovies,675861517,VisCodingTargetedMovieClips,/allen/programs/braintv/production/neuralcoding/prod51/specimen_675861517/ophys_session_703525416/,VISal
63,2018-06-01 15:33:50,Rorb-IRES2-Cre;Camk2a-tTA;Ai93-383647,Rorb-IRES2-Cre,275,704320879,VisCodingTargetedMovies,675881553,VisCodingTargetedMovieClips,/allen/programs/braintv/production/neuralcoding/prod51/specimen_675881553/ophys_session_704320879/,VISal
64,2018-06-07 15:38:53,Rorb-IRES2-Cre;Camk2a-tTA;Ai93-383647,Rorb-IRES2-Cre,275,706593995,VisCodingTargetedMovies,675881553,VisCodingTargetedMovieClips,/allen/programs/braintv/production/neuralcoding/prod51/specimen_675881553/ophys_session_706593995/,VISl
65,2018-06-04 19:05:57,Rbp4-Cre_KL100;Camk2a-tTA;Ai93-382481,Rbp4-Cre_KL100,375,705162654,VisCodingTargetedMovies,675861517,VisCodingTargetedMovieClips,/allen/programs/braintv/production/neuralcoding/prod51/specimen_675861517/ophys_session_705162654/,VISal
66,2018-06-14 14:47:36,Rorb-IRES2-Cre;Camk2a-tTA;Ai93-387737,Rorb-IRES2-Cre,275,709528470,VisCodingTargetedMovies,687343742,VisCodingTargetedMovieClips,/allen/programs/braintv/production/neuralcoding/prod53/specimen_687343742/ophys_session_709528470/,VISpm
67,2018-06-06 15:06:30,Rorb-IRES2-Cre;Camk2a-tTA;Ai93-383647,Rorb-IRES2-Cre,275,705968023,VisCodingTargetedMovies,675881553,VisCodingTargetedMovieClips,/allen/programs/braintv/production/neuralcoding/prod51/specimen_675881553/ophys_session_705968023/,VISal
68,2018-06-06 15:31:53,Rorb-IRES2-Cre;Camk2a-tTA;Ai93-387737,Rorb-IRES2-Cre,275,705968514,VisCodingTargetedMovies,687343742,VisCodingTargetedMovieClips,/allen/programs/braintv/production/neuralcoding/prod53/specimen_687343742/ophys_session_705968514/,VISp
69,2018-06-07 18:49:21,Rbp4-Cre_KL100;Camk2a-tTA;Ai93-382481,Rbp4-Cre_KL100,375,706822081,VisCodingTargetedMovies,675861517,VisCodingTargetedMovieClips,/allen/programs/braintv/production/neuralcoding/prod51/specimen_675861517/ophys_session_706822081/,VISpm
70,2018-06-05 19:36:05,Rbp4-Cre_KL100;Camk2a-tTA;Ai93-382481,Rbp4-Cre_KL100,375,705774581,VisCodingTargetedMovies,675861517,VisCodingTargetedMovieClips,/allen/programs/braintv/production/neuralcoding/prod51/specimen_675861517/ophys_session_705774581/,VISp
71,2018-06-06 19:14:03,Rbp4-Cre_KL100;Camk2a-tTA;Ai93-382481,Rbp4-Cre_KL100,375,706335569,VisCodingTargetedMovies,675861517,VisCodingTargetedMovieClips,/allen/programs/braintv/production/neuralcoding/prod51/specimen_675861517/ophys_session_706335569/,VISl
72,2018-06-18 15:12:46,Rorb-IRES2-Cre;Camk2a-tTA;Ai93-387737,Rorb-IRES2-Cre,275,710587430,VisCodingTargetedMovies,687343742,VisCodingTargetedMovieClips,/allen/programs/braintv/production/neuralcoding/prod53/specimen_687343742/ophys_session_710587430/,VISp
73,2018-06-19 15:12:02,Rorb-IRES2-Cre;Camk2a-tTA;Ai93-387737,Rorb-IRES2-Cre,275,710959478,VisCodingTargetedMovies,687343742,VisCodingTargetedMovieClips,/allen/programs/braintv/production/neuralcoding/prod53/specimen_687343742/ophys_session_710959478/,VISpm
74,2018-06-20 15:32:54,Rorb-IRES2-Cre;Camk2a-tTA;Ai93-387737,Rorb-IRES2-Cre,275,711607667,VisCodingTargetedMovies,687343742,VisCodingTargetedMovieClips,/allen/programs/braintv/production/neuralcoding/prod53/specimen_687343742/ophys_session_711607667/,VISal
75,2018-06-25 14:45:52,Rbp4-Cre_KL100;Camk2a-tTA;Ai93-382481,Rbp4-Cre_KL100,375,713585298,VisCodingTargetedMovies,675861517,VisCodingTargetedMovieClips,/allen/programs/braintv/production/neuralcoding/prod51/specimen_675861517/ophys_session_713585298/,VISp
76,2018-06-20 23:31:55,Cux2-CreERT2;Camk2a-tTA;Ai93-390319,Cux2-CreERT2,175,712155740,VisCodingTargetedContrast,699590236,VisCodingTargetedContrast,/allen/programs/braintv/production/neuralcoding/prod54/specimen_699590236/ophys_session_712155740/,VISal
77,2018-07-02 20:25:41,Cux2-CreERT2;Camk2a-tTA;Ai93-390319,Cux2-CreERT2,175,716532289,VisCodingTargetedContrast,699590236,VisCodingTargetedContrast,/allen/programs/braintv/production/neuralcoding/prod54/specimen_699590236/ophys_session_716532289/,VISam
78,2018-06-26 15:05:32,Rbp4-Cre_KL100;Camk2a-tTA;Ai93-382481,Rbp4-Cre_KL100,375,714208678,VisCodingTargetedMovies,675861517,VisCodingTargetedMovieClips,/allen/programs/braintv/production/neuralcoding/prod51/specimen_675861517/ophys_session_714208678/,VISpm
79,2018-06-27 23:21:28,Cux2-CreERT2;Camk2a-tTA;Ai93-390323,Cux2-CreERT2,175,715162349,VisCodingTargetedMovies,699502603,VisCodingTargetedMovieClips,/allen/programs/braintv/production/neuralcoding/prod54/specimen_699502603/ophys_session_715162349/,VISp
80,2019-01-24 18:37:19,Rbp4-Cre_KL100;Camk2a-tTA;Ai93-423096,Rbp4-Cre_KL100,375,812893059,VisCodingTargetedSignalNoise,766025762,TenSessionClips,/allen/programs/braintv/production/neuralcoding/prod60/specimen_766025762/ophys_session_812893059/,VISp
81,2018-06-28 21:52:48,Cux2-CreERT2;Camk2a-tTA;Ai93-390323,Cux2-CreERT2,175,715796961,VisCodingTargetedMovies,699502603,VisCodingTargetedMovieClips,/allen/programs/braintv/production/neuralcoding/prod54/specimen_699502603/ophys_session_715796961/,VISp
82,2018-07-12 22:32:34,Cux2-CreERT2;Camk2a-tTA;Ai93-390319,Cux2-CreERT2,175,718830277,VisCodingTargetedTFxSF,699590236,VisCodingTargetedTFxSF,/allen/programs/braintv/production/neuralcoding/prod54/specimen_699590236/ophys_session_718830277/,VISam
83,2018-07-09 21:34:44,Cux2-CreERT2;Camk2a-tTA;Ai93-390323,Cux2-CreERT2,175,718205352,VisCodingTargetedMovies,699502603,VisCodingTargetedMovieClips,/allen/programs/braintv/production/neuralcoding/prod54/specimen_699502603/ophys_session_718205352/,VISrl
84,2018-07-09 21:30:02,Cux2-CreERT2;Camk2a-tTA;Ai93-390319,Cux2-CreERT2,175,718204062,VisCodingTargetedTFxSF,699590236,VisCodingTargetedTFxSF,/allen/programs/braintv/production/neuralcoding/prod54/specimen_699590236/ophys_session_718204062/,VISl
85,2018-07-10 22:56:58,Cux2-CreERT2;Camk2a-tTA;Ai93-390319,Cux2-CreERT2,175,718651940,VisCodingTargetedTFxSF,699590236,VisCodingTargetedTFxSF,/allen/programs/braintv/production/neuralcoding/prod54/specimen_699590236/ophys_session_718651940/,VISpm
86,2018-07-11 23:12:49,Cux2-CreERT2;Camk2a-tTA;Ai93-390323,Cux2-CreERT2,175,718653721,VisCodingTargetedMovies,699502603,VisCodingTargetedMovieClips,/allen/programs/braintv/production/neuralcoding/prod54/specimen_699502603/ophys_session_718653721/,VISrl
87,2018-08-01 15:11:39,Cux2-CreERT2;Camk2a-tTA;Ai93-397000,Cux2-CreERT2,175,728188287,VisCodingTargetedContrast,710318403,VisCodingTargetedContrast,/allen/programs/braintv/production/neuralcoding/prod56/specimen_710318403/ophys_session_728188287/,VISp
88,2018-07-13 22:02:22,Cux2-CreERT2;Camk2a-tTA;Ai93-390319,Cux2-CreERT2,175,719893937,VisCodingTargetedTFxSF,699590236,VisCodingTargetedTFxSF,/allen/programs/braintv/production/neuralcoding/prod54/specimen_699590236/ophys_session_719893937/,VISp
89,2018-07-17 22:44:15,Cux2-CreERT2;Camk2a-tTA;Ai93-390319,Cux2-CreERT2,175,720757419,VisCodingTargetedTFxSF,699590236,VisCodingTargetedTFxSF,/allen/programs/braintv/production/neuralcoding/prod54/specimen_699590236/ophys_session_720757419/,VISal
90,2018-07-19 21:09:32,Cux2-CreERT2;Camk2a-tTA;Ai93-390319,Cux2-CreERT2,175,722443494,VisCodingTargetedContrast,699590236,VisCodingTargetedContrast,/allen/programs/braintv/production/neuralcoding/prod54/specimen_699590236/ophys_session_722443494/,VISpm
91,2018-08-02 15:11:05,Cux2-CreERT2;Camk2a-tTA;Ai93-397000,Cux2-CreERT2,175,728913582,VisCodingTargetedRunningDecoding,710318403,VisCodingTargetedRunningDecoding,/allen/programs/braintv/production/neuralcoding/prod56/specimen_710318403/ophys_session_728913582/,VISp
92,2018-07-17 21:37:08,Cux2-CreERT2;Camk2a-tTA;Ai93-390323,Cux2-CreERT2,175,720719445,VisCodingTargetedMovies,699502603,VisCodingTargetedMovieClips,/allen/programs/braintv/production/neuralcoding/prod54/specimen_699502603/ophys_session_720719445/,VISam
93,2018-07-20 23:36:34,Cux2-CreERT2;Camk2a-tTA;Ai93-390323,Cux2-CreERT2,175,722990925,VisCodingTargetedMovies,699502603,VisCodingTargetedMovieClips,/allen/programs/braintv/production/neuralcoding/prod54/specimen_699502603/ophys_session_722990925/,VISal
94,2018-07-20 23:26:35,Cux2-CreERT2;Camk2a-tTA;Ai93-390319,Cux2-CreERT2,175,722975630,VisCodingTargetedRunningDecoding,699590236,VisCodingTargetedRunningDecoding,/allen/programs/braintv/production/neuralcoding/prod54/specimen_699590236/ophys_session_722975630/,VISp
95,2018-07-19 21:37:27,Cux2-CreERT2;Camk2a-tTA;Ai93-390323,Cux2-CreERT2,175,722470648,VisCodingTargetedMovies,699502603,VisCodingTargetedMovieClips,/allen/programs/braintv/production/neuralcoding/prod54/specimen_699502603/ophys_session_722470648/,VISal
96,2018-07-24 23:33:15,Cux2-CreERT2;Camk2a-tTA;Ai93-390323,Cux2-CreERT2,175,723736689,VisCodingTargetedRunningDecoding,699502603,VisCodingTargetedRunningDecoding,/allen/programs/braintv/production/neuralcoding/prod54/specimen_699502603/ophys_session_723736689/,VISp
97,2018-08-06 15:18:43,Cux2-CreERT2;Camk2a-tTA;Ai93-397000,Cux2-CreERT2,175,730569133,VisCodingTargetedRunningDecoding,710318403,VisCodingTargetedRunningDecoding,/allen/programs/braintv/production/neuralcoding/prod56/specimen_710318403/ophys_session_730569133/,VISl
98,2018-08-10 14:51:15,Cux2-CreERT2;Camk2a-tTA;Ai93-397000,Cux2-CreERT2,175,734322185,VisCodingTargetedContrast,710318403,VisCodingTargetedContrast,/allen/programs/braintv/production/neuralcoding/prod56/specimen_710318403/ophys_session_734322185/,VISl
99,2018-08-02 21:15:38,Cux2-CreERT2;Camk2a-tTA;Ai93-390323,Cux2-CreERT2,175,729418115,VisCodingTargetedMovies,699502603,VisCodingTargetedMovieClips,/allen/programs/braintv/production/neuralcoding/prod54/specimen_699502603/ophys_session_729418115/,VISam
100,2018-08-07 15:09:56,Cux2-CreERT2;Camk2a-tTA;Ai93-397000,Cux2-CreERT2,175,731095575,VisCodingTargetedContrast,710318403,VisCodingTargetedContrast,/allen/programs/braintv/production/neuralcoding/prod56/specimen_710318403/ophys_session_731095575/,VISal
101,2018-07-31 20:27:44,Rorb-IRES2-Cre;Camk2a-tTA;Ai93-395479,Rorb-IRES2-Cre,275,727996194,VisCodingTargetedScenes,707294626,targeted_exp_natural_scenes,/allen/programs/braintv/production/neuralcoding/prod56/specimen_707294626/ophys_session_727996194/,VISl
102,2018-07-23 20:09:49,Rorb-IRES2-Cre;Camk2a-tTA;Ai93-395485,Rorb-IRES2-Cre,275,723600831,VisCodingTargetedMovies,707287196,VisCodingTargetedMovieClips,/allen/programs/braintv/production/neuralcoding/prod55/specimen_707287196/ophys_session_723600831/,VISp
103,2018-08-06 17:46:23,Rorb-IRES2-Cre;Camk2a-tTA;Ai93-395479,Rorb-IRES2-Cre,275,730718876,VisCodingTargetedScenes,707294626,targeted_exp_natural_scenes,/allen/programs/braintv/production/neuralcoding/prod56/specimen_707294626/ophys_session_730718876/,VISl
104,2018-08-08 15:15:14,Cux2-CreERT2;Camk2a-tTA;Ai93-397000,Cux2-CreERT2,175,732239538,VisCodingTargetedContrast,710318403,VisCodingTargetedContrast,/allen/programs/braintv/production/neuralcoding/prod56/specimen_710318403/ophys_session_732239538/,VISl
105,2018-08-14 19:46:11,Rorb-IRES2-Cre;Camk2a-tTA;Ai93-395485,Rorb-IRES2-Cre,275,736219188,VisCodingTargetedScenes,707287196,targeted_exp_natural_scenes,/allen/programs/braintv/production/neuralcoding/prod55/specimen_707287196/ophys_session_736219188/,VISpm
106,2018-07-25 20:21:47,Cux2-CreERT2;Camk2a-tTA;Ai93-390319,Cux2-CreERT2,175,724712005,VisCodingTargetedContrast,699590236,VisCodingTargetedContrast,/allen/programs/braintv/production/neuralcoding/prod54/specimen_699590236/ophys_session_724712005/,VISp
107,2018-08-03 15:11:00,Cux2-CreERT2;Camk2a-tTA;Ai93-397000,Cux2-CreERT2,175,729486130,VisCodingTargetedRunningDecoding,710318403,VisCodingTargetedRunningDecoding,/allen/programs/braintv/production/neuralcoding/prod56/specimen_710318403/ophys_session_729486130/,VISp
108,2018-07-30 19:19:57,Rorb-IRES2-Cre;Camk2a-tTA;Ai93-395479,Rorb-IRES2-Cre,275,727074696,VisCodingTargetedScenes,707294626,targeted_exp_natural_scenes,/allen/programs/braintv/production/neuralcoding/prod56/specimen_707294626/ophys_session_727074696/,VISal
109,2018-08-07 16:54:41,Rorb-IRES2-Cre;Camk2a-tTA;Ai93-395479,Rorb-IRES2-Cre,275,731282876,VisCodingTargetedScenes,707294626,targeted_exp_natural_scenes,/allen/programs/braintv/production/neuralcoding/prod56/specimen_707294626/ophys_session_731282876/,VISp
110,2018-07-30 21:01:37,Cux2-CreERT2;Camk2a-tTA;Ai93-390319,Cux2-CreERT2,175,727153911,VisCodingTargetedContrast,699590236,VisCodingTargetedContrast,/allen/programs/braintv/production/neuralcoding/prod54/specimen_699590236/ophys_session_727153911/,VISp
111,2018-07-24 19:49:46,Rorb-IRES2-Cre;Camk2a-tTA;Ai93-395485,Rorb-IRES2-Cre,275,724157802,VisCodingTargetedMovies,707287196,VisCodingTargetedMovieClips,/allen/programs/braintv/production/neuralcoding/prod55/specimen_707287196/ophys_session_724157802/,VISl
112,2018-08-20 15:09:00,Cux2-CreERT2;Camk2a-tTA;Ai93-397000,Cux2-CreERT2,175,739266729,VisCodingTargetedScenes,710318403,targeted_exp_natural_scenes,/allen/programs/braintv/production/neuralcoding/prod56/specimen_710318403/ophys_session_739266729/,VISp
113,2018-08-15 20:12:03,Rorb-IRES2-Cre;Camk2a-tTA;Ai93-395485,Rorb-IRES2-Cre,275,737276915,VisCodingTargetedScenes,707287196,targeted_exp_natural_scenes,/allen/programs/braintv/production/neuralcoding/prod55/specimen_707287196/ophys_session_737276915/,VISpm
114,2018-08-16 17:02:23,Rorb-IRES2-Cre;Camk2a-tTA;Ai93-395487,Rorb-IRES2-Cre,275,737727977,VisCodingTargetedMovies,710247765,VisCodingTargetedMovieClips,/allen/programs/braintv/production/neuralcoding/prod56/specimen_710247765/ophys_session_737727977/,VISal
115,2018-08-21 14:59:31,Cux2-CreERT2;Camk2a-tTA;Ai93-397000,Cux2-CreERT2,175,739888436,VisCodingTargetedScenes,710318403,targeted_exp_natural_scenes,/allen/programs/braintv/production/neuralcoding/prod56/specimen_710318403/ophys_session_739888436/,VISl
116,2018-08-27 22:19:11,Rorb-IRES2-Cre;Camk2a-tTA;Ai93-395487,Rorb-IRES2-Cre,275,742797885,VisCodingTargetedScenes,710247765,targeted_exp_natural_scenes,/allen/programs/braintv/production/neuralcoding/prod56/specimen_710247765/ophys_session_742797885/,VISal
117,2018-08-15 22:23:02,Rorb-IRES2-Cre;Camk2a-tTA;Ai93-395487,Rorb-IRES2-Cre,275,737416775,VisCodingTargetedMovies,710247765,VisCodingTargetedMovieClips,/allen/programs/braintv/production/neuralcoding/prod56/specimen_710247765/ophys_session_737416775/,VISl
118,2018-08-24 21:25:13,Rorb-IRES2-Cre;Camk2a-tTA;Ai93-395487,Rorb-IRES2-Cre,275,741974034,VisCodingTargetedScenes,710247765,targeted_exp_natural_scenes,/allen/programs/braintv/production/neuralcoding/prod56/specimen_710247765/ophys_session_741974034/,VISal
119,2018-08-02 19:32:55,Rorb-IRES2-Cre;Camk2a-tTA;Ai93-395479,Rorb-IRES2-Cre,275,729295434,VisCodingTargetedScenes,707294626,targeted_exp_natural_scenes,/allen/programs/braintv/production/neuralcoding/prod56/specimen_707294626/ophys_session_729295434/,VISal
120,2018-08-29 20:00:12,Rorb-IRES2-Cre;Camk2a-tTA;Ai93-395487,Rorb-IRES2-Cre,275,743589724,VisCodingTargetedScenes,710247765,targeted_exp_natural_scenes,/allen/programs/braintv/production/neuralcoding/prod56/specimen_710247765/ophys_session_743589724/,VISl
121,2018-08-15 17:16:45,Rorb-IRES2-Cre;Camk2a-tTA;Ai93-395479,Rorb-IRES2-Cre,275,737078708,VisCodingTargetedScenes,707294626,targeted_exp_natural_scenes,/allen/programs/braintv/production/neuralcoding/prod56/specimen_707294626/ophys_session_737078708/,VISp
122,2018-08-28 20:08:54,Rorb-IRES2-Cre;Camk2a-tTA;Ai93-395487,Rorb-IRES2-Cre,275,743010824,VisCodingTargetedScenes,710247765,targeted_exp_natural_scenes,/allen/programs/braintv/production/neuralcoding/prod56/specimen_710247765/ophys_session_743010824/,VISl
123,2018-08-31 00:07:49,Rorb-IRES2-Cre;Camk2a-tTA;Ai93-395487,Rorb-IRES2-Cre,275,744518364,VisCodingTargetedScenes,710247765,targeted_exp_natural_scenes,/allen/programs/braintv/production/neuralcoding/prod56/specimen_710247765/ophys_session_744518364/,VISp
124,2018-08-31 18:39:40,Rorb-IRES2-Cre;Camk2a-tTA;Ai93-395487,Rorb-IRES2-Cre,275,744889894,VisCodingTargetedScenes,710247765,targeted_exp_natural_scenes,/allen/programs/braintv/production/neuralcoding/prod56/specimen_710247765/ophys_session_744889894/,VISp
125,2018-09-17 15:16:05,Rbp4-Cre_KL100;Camk2a-tTA;Ai93-407302,Rbp4-Cre_KL100,375,754117864,VisCodingTargetedMovies,726138104,VisCodingTargetedMovieClips,/allen/programs/braintv/production/neuralcoding/prod58/specimen_726138104/ophys_session_754117864/,VISpm
126,2018-09-11 14:46:14,Rbp4-Cre_KL100;Camk2a-tTA;Ai93-407302,Rbp4-Cre_KL100,375,750551095,VisCodingTargetedContrast,726138104,VisCodingTargetedContrast,/allen/programs/braintv/production/neuralcoding/prod58/specimen_726138104/ophys_session_750551095/,VISp
127,2018-09-12 15:14:49,Rbp4-Cre_KL100;Camk2a-tTA;Ai93-407302,Rbp4-Cre_KL100,375,750900420,VisCodingTargetedContrast,726138104,VisCodingTargetedContrast,/allen/programs/braintv/production/neuralcoding/prod58/specimen_726138104/ophys_session_750900420/,VISp
128,2018-09-14 15:12:25,Rbp4-Cre_KL100;Camk2a-tTA;Ai93-407302,Rbp4-Cre_KL100,375,753350374,VisCodingTargetedMovies,726138104,VisCodingTargetedMovieClips,/allen/programs/braintv/production/neuralcoding/prod58/specimen_726138104/ophys_session_753350374/,VISl
129,2018-09-20 22:12:22,Cux2-CreERT2;Camk2a-tTA;Ai93-402698,Cux2-CreERT2,175,756102026,VisCodingTargetedContrast,727126845,VisCodingTargetedContrast,/allen/programs/braintv/production/neuralcoding/prod58/specimen_727126845/ophys_session_756102026/,VISam
130,2018-09-19 15:12:04,Rbp4-Cre_KL100;Camk2a-tTA;Ai93-407302,Rbp4-Cre_KL100,375,755024030,VisCodingTargetedMovies,726138104,VisCodingTargetedMovieClips,/allen/programs/braintv/production/neuralcoding/prod58/specimen_726138104/ophys_session_755024030/,VISp
131,2018-09-21 15:11:16,Rbp4-Cre_KL100;Camk2a-tTA;Ai93-407302,Rbp4-Cre_KL100,375,756132822,VisCodingTargetedScenes,726138104,targeted_exp_natural_scenes,/allen/programs/braintv/production/neuralcoding/prod58/specimen_726138104/ophys_session_756132822/,VISal
132,2018-09-28 15:10:20,Rbp4-Cre_KL100;Camk2a-tTA;Ai93-407302,Rbp4-Cre_KL100,375,759291234,VisCodingTargetedMovies,726138104,VisCodingTargetedMovieClips,/allen/programs/braintv/production/neuralcoding/prod58/specimen_726138104/ophys_session_759291234/,VISam
133,2018-09-24 15:07:11,Rbp4-Cre_KL100;Camk2a-tTA;Ai93-407302,Rbp4-Cre_KL100,375,756817370,VisCodingTargetedScenes,726138104,targeted_exp_natural_scenes,/allen/programs/braintv/production/neuralcoding/prod58/specimen_726138104/ophys_session_756817370/,VISam
134,2018-09-25 15:06:28,Rbp4-Cre_KL100;Camk2a-tTA;Ai93-407302,Rbp4-Cre_KL100,375,757638799,VisCodingTargetedScenes,726138104,targeted_exp_natural_scenes,/allen/programs/braintv/production/neuralcoding/prod58/specimen_726138104/ophys_session_757638799/,VISpm
135,2019-02-22 16:25:55,Cux2-CreERT2;Camk2a-tTA;Ai93-433413,Cux2-CreERT2,175,827305386,VisCodingTargetedSignalNoise,800312329,TenSessionClips_6,/allen/programs/braintv/production/neuralcoding/prod61/specimen_800312329/ophys_session_827305386/,VISp
136,2018-09-26 14:49:14,Rbp4-Cre_KL100;Camk2a-tTA;Ai93-407302,Rbp4-Cre_KL100,375,758334831,VisCodingTargetedScenes,726138104,targeted_exp_natural_scenes,/allen/programs/braintv/production/neuralcoding/prod58/specimen_726138104/ophys_session_758334831/,VISl
137,2019-02-21 16:32:22,Cux2-CreERT2;Camk2a-tTA;Ai93-433413,Cux2-CreERT2,175,826661965,VisCodingTargetedSignalNoise,800312329,TenSessionClips_5,/allen/programs/braintv/production/neuralcoding/prod61/specimen_800312329/ophys_session_826661965/,VISp
138,2018-10-03 19:55:42,Rorb-IRES2-Cre;Camk2a-tTA;Ai93-411605,Rorb-IRES2-Cre,275,760393927,VisCodingTargetedScenes,741939348,targeted_exp_natural_scenes,/allen/programs/braintv/production/neuralcoding/prod58/specimen_741939348/ophys_session_760393927/,VISal
139,2018-11-18 19:31:36,Rbp4-Cre_KL100;Camk2a-tTA;Ai93-414556,Rbp4-Cre_KL100,375,781285354,VisCodingTargetedRunningDecoding,753847689,VisCodingTargetedRunningDecoding,/allen/programs/braintv/production/neuralcoding/prod58/specimen_753847689/ophys_session_781285354/,VISp
140,2018-10-02 19:49:27,Rorb-IRES2-Cre;Camk2a-tTA;Ai93-411605,Rorb-IRES2-Cre,275,759945575,VisCodingTargetedScenes,741939348,targeted_exp_natural_scenes,/allen/programs/braintv/production/neuralcoding/prod58/specimen_741939348/ophys_session_759945575/,VISal
141,2018-10-08 18:51:27,Rorb-IRES2-Cre;Camk2a-tTA;Ai93-411605,Rorb-IRES2-Cre,275,761355100,VisCodingTargetedScenes,741939348,targeted_exp_natural_scenes,/allen/programs/braintv/production/neuralcoding/prod58/specimen_741939348/ophys_session_761355100/,VISp
142,2018-10-15 19:35:49,Cux2-CreERT2;Camk2a-tTA;Ai93-412938,Cux2-CreERT2,175,763822019,VisCodingTargetedMovies,745634050,VisCodingTargetedMovieClips,/allen/programs/braintv/production/neuralcoding/prod58/specimen_745634050/ophys_session_763822019/,VISrl
143,2018-10-16 15:08:14,Cux2-CreERT2;Camk2a-tTA;Ai93-413747,Cux2-CreERT2,175,764175792,VisCodingTargetedContrast,746910369,VisCodingTargetedContrast,/allen/programs/braintv/production/neuralcoding/prod58/specimen_746910369/ophys_session_764175792/,VISam
144,2018-10-15 19:07:52,Rorb-IRES2-Cre;Camk2a-tTA;Ai93-411605,Rorb-IRES2-Cre,275,763782046,VisCodingTargetedScenes,741939348,targeted_exp_natural_scenes,/allen/programs/braintv/production/neuralcoding/prod58/specimen_741939348/ophys_session_763782046/,VISpm
145,2018-10-19 19:31:54,Cux2-CreERT2;Camk2a-tTA;Ai93-412938,Cux2-CreERT2,175,765930355,VisCodingTargetedRunningDecoding,745634050,VisCodingTargetedRunningDecoding,/allen/programs/braintv/production/neuralcoding/prod58/specimen_745634050/ophys_session_765930355/,VISp
146,2018-10-16 15:40:00,Cux2-CreERT2;Camk2a-tTA;Ai93-413743,Cux2-CreERT2,175,764182166,VisCodingTargetedContrast,746926904,VisCodingTargetedContrast,/allen/programs/braintv/production/neuralcoding/prod58/specimen_746926904/ophys_session_764182166/,VISrl
147,2018-10-16 19:09:05,Rorb-IRES2-Cre;Camk2a-tTA;Ai93-411605,Rorb-IRES2-Cre,275,764439415,VisCodingTargetedScenes,741939348,targeted_exp_natural_scenes,/allen/programs/braintv/production/neuralcoding/prod58/specimen_741939348/ophys_session_764439415/,VISl
148,2019-02-07 18:32:32,Rbp4-Cre_KL100;Camk2a-tTA;Ai93-423096,Rbp4-Cre_KL100,375,819622034,VisCodingTargetedSignalNoise,766025762,TenSessionClips_5,/allen/programs/braintv/production/neuralcoding/prod60/specimen_766025762/ophys_session_819622034/,VISp
149,2018-10-16 19:32:51,Cux2-CreERT2;Camk2a-tTA;Ai93-412938,Cux2-CreERT2,175,764456668,VisCodingTargetedMovies,745634050,VisCodingTargetedMovieClips,/allen/programs/braintv/production/neuralcoding/prod58/specimen_745634050/ophys_session_764456668/,VISl
150,2018-10-17 19:11:14,Cux2-CreERT2;Camk2a-tTA;Ai93-412938,Cux2-CreERT2,175,764797295,VisCodingTargetedMovies,745634050,VisCodingTargetedMovieClips,/allen/programs/braintv/production/neuralcoding/prod58/specimen_745634050/ophys_session_764797295/,VISal
151,2018-10-22 15:04:59,Cux2-CreERT2;Camk2a-tTA;Ai93-413747,Cux2-CreERT2,175,766321179,VisCodingTargetedTFxSF,746910369,VisCodingTargetedTFxSF,/allen/programs/braintv/production/neuralcoding/prod58/specimen_746910369/ophys_session_766321179/,VISrl
152,2018-10-18 15:00:47,Cux2-CreERT2;Camk2a-tTA;Ai93-413747,Cux2-CreERT2,175,765000590,VisCodingTargetedMovies,746910369,VisCodingTargetedMovieClips,/allen/programs/braintv/production/neuralcoding/prod58/specimen_746910369/ophys_session_765000590/,VISpm
153,2018-10-18 15:07:38,Cux2-CreERT2;Camk2a-tTA;Ai93-413743,Cux2-CreERT2,175,765019765,VisCodingTargetedContrast,746926904,VisCodingTargetedContrast,/allen/programs/braintv/production/neuralcoding/prod58/specimen_746926904/ophys_session_765019765/,VISl
154,2018-11-08 19:21:07,Sst-IRES-Cre;Ai148-414202,Sst-IRES-Cre,275,775335881,VisCodingTargetedContrast,759066288,VisCodingTargetedContrast,/allen/programs/braintv/production/neuralcoding/prod59/specimen_759066288/ophys_session_775335881/,VISpm
155,2018-10-19 18:48:38,Rorb-IRES2-Cre;Camk2a-tTA;Ai93-411605,Rorb-IRES2-Cre,275,765884228,VisCodingTargetedScenes,741939348,targeted_exp_natural_scenes,/allen/programs/braintv/production/neuralcoding/prod58/specimen_741939348/ophys_session_765884228/,VISpm
156,2018-10-18 20:07:31,Rorb-IRES2-Cre;Camk2a-tTA;Ai93-411605,Rorb-IRES2-Cre,275,765381030,VisCodingTargetedScenes,741939348,targeted_exp_natural_scenes,/allen/programs/braintv/production/neuralcoding/prod58/specimen_741939348/ophys_session_765381030/,VISp
157,2018-10-19 15:06:58,Cux2-CreERT2;Camk2a-tTA;Ai93-413743,Cux2-CreERT2,175,765556204,VisCodingTargetedRunningDecoding,746926904,VisCodingTargetedRunningDecoding,/allen/programs/braintv/production/neuralcoding/prod58/specimen_746926904/ophys_session_765556204/,VISp
158,2018-10-17 15:16:27,Cux2-CreERT2;Camk2a-tTA;Ai93-413743,Cux2-CreERT2,175,764555173,VisCodingTargetedContrast,746926904,VisCodingTargetedContrast,/allen/programs/braintv/production/neuralcoding/prod58/specimen_746926904/ophys_session_764555173/,VISal
159,2018-10-17 18:38:08,Rorb-IRES2-Cre;Camk2a-tTA;Ai93-411605,Rorb-IRES2-Cre,275,764772174,VisCodingTargetedScenes,741939348,targeted_exp_natural_scenes,/allen/programs/braintv/production/neuralcoding/prod58/specimen_741939348/ophys_session_764772174/,VISl
160,2018-10-22 18:56:17,Rorb-IRES2-Cre;Camk2a-tTA;Ai93-411605,Rorb-IRES2-Cre,275,766633259,VisCodingTargetedScenes,741939348,targeted_exp_natural_scenes,/allen/programs/braintv/production/neuralcoding/prod58/specimen_741939348/ophys_session_766633259/,VISpm
161,2018-10-17 15:04:24,Cux2-CreERT2;Camk2a-tTA;Ai93-413747,Cux2-CreERT2,175,764554525,VisCodingTargetedContrast,746910369,VisCodingTargetedContrast,/allen/programs/braintv/production/neuralcoding/prod58/specimen_746910369/ophys_session_764554525/,VISam
162,2018-10-19 15:01:24,Cux2-CreERT2;Camk2a-tTA;Ai93-413747,Cux2-CreERT2,175,765555852,VisCodingTargetedMovies,746910369,VisCodingTargetedMovieClips,/allen/programs/braintv/production/neuralcoding/prod58/specimen_746910369/ophys_session_765555852/,VISpm
163,2018-10-24 15:11:27,Cux2-CreERT2;Camk2a-tTA;Ai93-413743,Cux2-CreERT2,175,767455758,VisCodingTargetedContrast,746926904,VisCodingTargetedContrast,/allen/programs/braintv/production/neuralcoding/prod58/specimen_746926904/ophys_session_767455758/,VISl
164,2018-11-05 21:04:11,Sst-IRES-Cre;Ai148-414202,Sst-IRES-Cre,275,773643161,VisCodingTargetedContrast,759066288,VisCodingTargetedContrast,/allen/programs/braintv/production/neuralcoding/prod59/specimen_759066288/ophys_session_773643161/,VISal
165,2018-10-24 15:06:17,Cux2-CreERT2;Camk2a-tTA;Ai93-413747,Cux2-CreERT2,175,767441755,VisCodingTargetedTFxSF,746910369,VisCodingTargetedTFxSF,/allen/programs/braintv/production/neuralcoding/prod58/specimen_746910369/ophys_session_767441755/,VISp
166,2018-10-22 15:09:45,Cux2-CreERT2;Camk2a-tTA;Ai93-413743,Cux2-CreERT2,175,766321238,VisCodingTargetedMovies,746926904,VisCodingTargetedMovieClips,/allen/programs/braintv/production/neuralcoding/prod58/specimen_746926904/ophys_session_766321238/,VISl
167,2018-10-22 19:17:12,Cux2-CreERT2;Camk2a-tTA;Ai93-412938,Cux2-CreERT2,175,766651427,VisCodingTargetedRunningDecoding,745634050,VisCodingTargetedRunningDecoding,/allen/programs/braintv/production/neuralcoding/prod58/specimen_745634050/ophys_session_766651427/,VISp
168,2018-10-23 15:42:03,Cux2-CreERT2;Camk2a-tTA;Ai93-413743,Cux2-CreERT2,175,766830752,VisCodingTargetedMovies,746926904,VisCodingTargetedMovieClips,/allen/programs/braintv/production/neuralcoding/prod58/specimen_746926904/ophys_session_766830752/,VISal
169,2018-10-12 19:56:58,Cux2-CreERT2;Camk2a-tTA;Ai93-412938,Cux2-CreERT2,175,763196272,VisCodingTargetedContrast,745634050,VisCodingTargetedContrast,/allen/programs/braintv/production/neuralcoding/prod58/specimen_745634050/ophys_session_763196272/,VISp
170,2018-10-23 15:22:38,Cux2-CreERT2;Camk2a-tTA;Ai93-413747,Cux2-CreERT2,175,766830331,VisCodingTargetedTFxSF,746910369,VisCodingTargetedTFxSF,/allen/programs/braintv/production/neuralcoding/prod58/specimen_746910369/ophys_session_766830331/,VISpm
171,2018-10-25 15:33:05,Cux2-CreERT2;Camk2a-tTA;Ai93-413743,Cux2-CreERT2,175,768253835,VisCodingTargetedContrast,746926904,VisCodingTargetedContrast,/allen/programs/braintv/production/neuralcoding/prod58/specimen_746926904/ophys_session_768253835/,VISrl
172,2018-12-07 16:05:23,Cux2-CreERT2;Camk2a-tTA;Ai93-422019,Camk2a-CreERT2,175,791540398,VisCodingTargetedTFxSF,765991985,VisCodingTargetedTFxSF,/allen/programs/braintv/production/neuralcoding/prod59/specimen_765991985/ophys_session_791540398/,VISp
173,2018-12-07 16:05:23,Cux2-CreERT2;Camk2a-tTA;Ai93-422019,Cux2-CreERT2,175,791540398,VisCodingTargetedTFxSF,765991985,VisCodingTargetedTFxSF,/allen/programs/braintv/production/neuralcoding/prod59/specimen_765991985/ophys_session_791540398/,VISp
174,2018-10-12 19:20:41,Rorb-IRES2-Cre;Camk2a-tTA;Ai93-411605,Rorb-IRES2-Cre,275,763153227,VisCodingTargetedScenes,741939348,targeted_exp_natural_scenes,/allen/programs/braintv/production/neuralcoding/prod58/specimen_741939348/ophys_session_763153227/,VISpm
175,2018-10-25 15:14:55,Cux2-CreERT2;Camk2a-tTA;Ai93-413747,Cux2-CreERT2,175,768253493,VisCodingTargetedTFxSF,746910369,VisCodingTargetedTFxSF,/allen/programs/braintv/production/neuralcoding/prod58/specimen_746910369/ophys_session_768253493/,VISpm
176,2018-10-26 14:47:40,Cux2-CreERT2;Camk2a-tTA;Ai93-413743,Cux2-CreERT2,175,768939913,VisCodingTargetedMovies,746926904,VisCodingTargetedMovieClips,/allen/programs/braintv/production/neuralcoding/prod58/specimen_746926904/ophys_session_768939913/,VISl
177,2018-10-11 20:10:34,Cux2-CreERT2;Camk2a-tTA;Ai93-412938,Cux2-CreERT2,175,762656639,VisCodingTargetedContrast,745634050,VisCodingTargetedContrast,/allen/programs/braintv/production/neuralcoding/prod58/specimen_745634050/ophys_session_762656639/,VISp
178,2018-10-26 14:45:31,Cux2-CreERT2;Camk2a-tTA;Ai93-413747,Cux2-CreERT2,175,768939823,VisCodingTargetedTFxSF,746910369,VisCodingTargetedTFxSF,/allen/programs/braintv/production/neuralcoding/prod58/specimen_746910369/ophys_session_768939823/,VISp
179,2018-11-01 16:36:34,Cux2-CreERT2;Camk2a-tTA;Ai93-413743,Cux2-CreERT2,175,771835340,VisCodingTargetedTFxSF,746926904,VisCodingTargetedTFxSF,/allen/programs/braintv/production/neuralcoding/prod58/specimen_746926904/ophys_session_771835340/,VISrl
180,2018-11-01 15:01:25,Cux2-CreERT2;Camk2a-tTA;Ai93-413742,Cux2-CreERT2,175,771658602,VisCodingTargetedTFxSF,753852001,VisCodingTargetedTFxSF,/allen/programs/braintv/production/neuralcoding/prod58/specimen_753852001/ophys_session_771658602/,VISal
181,2018-10-30 14:46:17,Cux2-CreERT2;Camk2a-tTA;Ai93-413743,Cux2-CreERT2,175,770127462,VisCodingTargetedTFxSF,746926904,VisCodingTargetedTFxSF,/allen/programs/braintv/production/neuralcoding/prod58/specimen_746926904/ophys_session_770127462/,VISrl
182,2018-10-29 15:13:50,Cux2-CreERT2;Camk2a-tTA;Ai93-413743,Cux2-CreERT2,175,769667739,VisCodingTargetedTFxSF,746926904,VisCodingTargetedTFxSF,/allen/programs/braintv/production/neuralcoding/prod58/specimen_746926904/ophys_session_769667739/,VISp
183,2018-11-02 20:13:28,Sst-IRES-Cre;Ai148-414205,Sst-IRES-Cre,275,772613825,VisCodingTargetedContrast,760696809,VisCodingTargetedContrast,/allen/programs/braintv/production/neuralcoding/prod59/specimen_760696809/ophys_session_772613825/,VISl
184,2018-10-29 15:01:26,Cux2-CreERT2;Camk2a-tTA;Ai93-413747,Cux2-CreERT2,175,769667208,VisCodingTargetedTFxSF,746910369,VisCodingTargetedTFxSF,/allen/programs/braintv/production/neuralcoding/prod58/specimen_746910369/ophys_session_769667208/,VISrl
185,2018-10-29 19:53:09,Ntsr1-Cre_GN220;Ai148-414035,Ntsr1-Cre_GN220,550,769811903,VisCodingTargetedContrast,754469470,VisCodingTargetedContrast,/allen/programs/braintv/production/neuralcoding/prod58/specimen_754469470/ophys_session_769811903/,VISp
186,2018-10-30 19:35:22,Sst-IRES-Cre;Ai148-414205,Sst-IRES-Cre,275,770235078,VisCodingTargetedContrast,760696809,VisCodingTargetedContrast,/allen/programs/braintv/production/neuralcoding/prod59/specimen_760696809/ophys_session_770235078/,VISal
187,2018-10-31 15:02:10,Cux2-CreERT2;Camk2a-tTA;Ai93-413743,Cux2-CreERT2,175,770687839,VisCodingTargetedTFxSF,746926904,VisCodingTargetedTFxSF,/allen/programs/braintv/production/neuralcoding/prod58/specimen_746926904/ophys_session_770687839/,VISrl
188,2018-10-31 18:24:42,Ntsr1-Cre_GN220;Ai148-414035,Ntsr1-Cre_GN220,550,771038415,VisCodingTargetedMovies,754469470,VisCodingTargetedMovieClips,/allen/programs/braintv/production/neuralcoding/prod58/specimen_754469470/ophys_session_771038415/,VISp
189,2018-10-31 19:48:14,Sst-IRES-Cre;Ai148-414205,Sst-IRES-Cre,275,771154155,VisCodingTargetedContrast,760696809,VisCodingTargetedContrast,/allen/programs/braintv/production/neuralcoding/prod59/specimen_760696809/ophys_session_771154155/,VISal
190,2018-11-06 21:47:54,Ntsr1-Cre_GN220;Ai148-414035,Ntsr1-Cre_GN220,550,774337597,VisCodingTargetedRunningDecoding,754469470,VisCodingTargetedRunningDecoding,/allen/programs/braintv/production/neuralcoding/prod58/specimen_754469470/ophys_session_774337597/,VISl
191,2018-11-06 15:59:43,Cux2-CreERT2;Camk2a-tTA;Ai93-413747,Cux2-CreERT2,175,773939791,VisCodingTargetedRunningDecoding,746910369,VisCodingTargetedRunningDecoding,/allen/programs/braintv/production/neuralcoding/prod58/specimen_746910369/ophys_session_773939791/,VISal
192,2018-11-02 15:07:41,Cux2-CreERT2;Camk2a-tTA;Ai93-413742,Cux2-CreERT2,175,772172502,VisCodingTargetedTFxSF,753852001,VisCodingTargetedTFxSF,/allen/programs/braintv/production/neuralcoding/prod58/specimen_753852001/ophys_session_772172502/,VISl
193,2018-11-07 20:38:44,Sst-IRES-Cre;Ai148-414202,Sst-IRES-Cre,275,774835587,VisCodingTargetedContrast,759066288,VisCodingTargetedContrast,/allen/programs/braintv/production/neuralcoding/prod59/specimen_759066288/ophys_session_774835587/,VISp
194,2018-11-07 22:50:40,Ntsr1-Cre_GN220;Ai148-414035,Ntsr1-Cre_GN220,550,775006571,VisCodingTargetedMovies,754469470,VisCodingTargetedMovieClips,/allen/programs/braintv/production/neuralcoding/prod58/specimen_754469470/ophys_session_775006571/,VISp
195,2018-11-06 19:51:18,Sst-IRES-Cre;Ai148-414202,Sst-IRES-Cre,275,774223572,VisCodingTargetedContrast,759066288,VisCodingTargetedContrast,/allen/programs/braintv/production/neuralcoding/prod59/specimen_759066288/ophys_session_774223572/,VISp
196,2018-10-30 19:57:27,Ntsr1-Cre_GN220;Ai148-414035,Ntsr1-Cre_GN220,550,770236738,VisCodingTargetedContrast,754469470,VisCodingTargetedContrast,/allen/programs/braintv/production/neuralcoding/prod58/specimen_754469470/ophys_session_770236738/,VISp
197,2018-11-06 22:58:55,Sst-IRES-Cre;Ai148-414205,Sst-IRES-Cre,275,774367386,VisCodingTargetedContrast,760696809,VisCodingTargetedContrast,/allen/programs/braintv/production/neuralcoding/prod59/specimen_760696809/ophys_session_774367386/,VISl
198,2018-11-01 21:40:21,Cux2-CreERT2;Camk2a-tTA;Ai93-412938,Cux2-CreERT2,175,772121537,VisCodingTargetedMovies,745634050,VisCodingTargetedMovieClips,/allen/programs/braintv/production/neuralcoding/prod58/specimen_745634050/ophys_session_772121537/,VISrl
199,2018-11-07 19:18:15,Rbp4-Cre_KL100;Camk2a-tTA;Ai93-414556,Rbp4-Cre_KL100,375,774756986,VisCodingTargetedMovies,753847689,VisCodingTargetedMovieClips,/allen/programs/braintv/production/neuralcoding/prod58/specimen_753847689/ophys_session_774756986/,VISal
200,2018-11-05 23:03:02,Ntsr1-Cre_GN220;Ai148-414035,Ntsr1-Cre_GN220,550,773742844,VisCodingTargetedMovies,754469470,VisCodingTargetedMovieClips,/allen/programs/braintv/production/neuralcoding/prod58/specimen_754469470/ophys_session_773742844/,VISp
201,2018-11-08 15:57:42,Cux2-CreERT2;Camk2a-tTA;Ai93-413742,Cux2-CreERT2,175,775065195,VisCodingTargetedTFxSF,753852001,VisCodingTargetedTFxSF,/allen/programs/braintv/production/neuralcoding/prod58/specimen_753852001/ophys_session_775065195/,VISam
202,2018-11-08 21:22:38,Sst-IRES-Cre;Ai148-414205,Sst-IRES-Cre,275,775405015,VisCodingTargetedContrast,760696809,VisCodingTargetedContrast,/allen/programs/braintv/production/neuralcoding/prod59/specimen_760696809/ophys_session_775405015/,VISpm
203,2019-01-07 17:56:28,Cux2-CreERT2;Camk2a-tTA;Ai93(NC)-423245,Cux2-CreERT2,175,804714847,VisCodingTargetedContrast,772649832,VisCodingTargetedContrast,/allen/programs/braintv/production/neuralcoding/prod60/specimen_772649832/ophys_session_804714847/,VISpm
204,2018-11-05 15:49:03,Cux2-CreERT2;Camk2a-tTA;Ai93-413747,Cux2-CreERT2,175,773079681,VisCodingTargetedRunningDecoding,746910369,VisCodingTargetedRunningDecoding,/allen/programs/braintv/production/neuralcoding/prod58/specimen_746910369/ophys_session_773079681/,VISl
205,2018-11-09 22:13:42,Sst-IRES-Cre;Ai148-414205,Sst-IRES-Cre,275,776093851,VisCodingTargetedContrast,760696809,VisCodingTargetedContrast,/allen/programs/braintv/production/neuralcoding/prod59/specimen_760696809/ophys_session_776093851/,VISpm
206,2018-11-12 20:37:13,Sst-IRES-Cre;Ai148-414202,Sst-IRES-Cre,275,777180518,VisCodingTargetedContrast,759066288,VisCodingTargetedContrast,/allen/programs/braintv/production/neuralcoding/prod59/specimen_759066288/ophys_session_777180518/,VISpm
207,2018-11-12 19:09:09,Rbp4-Cre_KL100;Camk2a-tTA;Ai93-414556,Rbp4-Cre_KL100,375,777032048,VisCodingTargetedMovies,753847689,VisCodingTargetedMovieClips,/allen/programs/braintv/production/neuralcoding/prod58/specimen_753847689/ophys_session_777032048/,VISl
208,2018-11-12 22:55:56,Sst-IRES-Cre;Ai148-414205,Sst-IRES-Cre,275,777331050,VisCodingTargetedTFxSF,760696809,VisCodingTargetedTFxSF,/allen/programs/braintv/production/neuralcoding/prod59/specimen_760696809/ophys_session_777331050/,VISal
209,2018-11-09 16:01:38,Cux2-CreERT2;Camk2a-tTA;Ai93-413742,Cux2-CreERT2,175,775627034,VisCodingTargetedRunningDecoding,753852001,VisCodingTargetedRunningDecoding,/allen/programs/braintv/production/neuralcoding/prod58/specimen_753852001/ophys_session_775627034/,VISal
210,2018-11-12 15:49:27,Cux2-CreERT2;Camk2a-tTA;Ai93-413742,Cux2-CreERT2,175,776914650,VisCodingTargetedRunningDecoding,753852001,VisCodingTargetedRunningDecoding,/allen/programs/braintv/production/neuralcoding/prod58/specimen_753852001/ophys_session_776914650/,VISl
211,2018-11-12 22:30:42,Ntsr1-Cre_GN220;Ai148-414035,Ntsr1-Cre_GN220,550,777309974,VisCodingTargetedTFxSF,754469470,VisCodingTargetedTFxSF,/allen/programs/braintv/production/neuralcoding/prod58/specimen_754469470/ophys_session_777309974/,VISp
212,2018-10-26 18:09:27,Cux2-CreERT2;Camk2a-tTA;Ai93-412938,Cux2-CreERT2,175,769226630,VisCodingTargetedMovies,745634050,VisCodingTargetedMovieClips,/allen/programs/braintv/production/neuralcoding/prod58/specimen_745634050/ophys_session_769226630/,VISrl
213,2018-11-13 23:02:38,Ntsr1-Cre_GN220;Ai148-414035,Ntsr1-Cre_GN220,550,778292916,VisCodingTargetedTFxSF,754469470,VisCodingTargetedTFxSF,/allen/programs/braintv/production/neuralcoding/prod58/specimen_754469470/ophys_session_778292916/,VISp
214,2019-02-21 18:14:30,Rorb-IRES2-Cre;Camk2a-tTA;Ai93-437245,Rorb-IRES2-Cre,275,826704963,VisCodingTargetedSignalNoise,803592133,TenSessionClips_4,/allen/programs/braintv/production/neuralcoding/prod61/specimen_803592133/ophys_session_826704963/,VISp
215,2018-11-13 23:16:25,Sst-IRES-Cre;Ai148-414205,Sst-IRES-Cre,275,778299488,VisCodingTargetedTFxSF,760696809,VisCodingTargetedTFxSF,/allen/programs/braintv/production/neuralcoding/prod59/specimen_760696809/ophys_session_778299488/,VISpm
216,2018-11-14 16:04:06,Cux2-CreERT2;Camk2a-tTA;Ai93-413742,Cux2-CreERT2,175,778745349,VisCodingTargetedMovies,753852001,VisCodingTargetedMovieClips,/allen/programs/braintv/production/neuralcoding/prod58/specimen_753852001/ophys_session_778745349/,VISl
217,2018-11-14 19:30:11,Rbp4-Cre_KL100;Camk2a-tTA;Ai93-414556,Rbp4-Cre_KL100,375,778958916,VisCodingTargetedMovies,753847689,VisCodingTargetedMovieClips,/allen/programs/braintv/production/neuralcoding/prod58/specimen_753847689/ophys_session_778958916/,VISp
218,2018-12-17 17:44:20,Sst-IRES-Cre;Ai148-421587,Sst-IRES-Cre,275,796527576,VisCodingTargetedTFxSF,763832038,VisCodingTargetedTFxSF,/allen/programs/braintv/production/neuralcoding/prod59/specimen_763832038/ophys_session_796527576/,VISl
219,2018-11-13 15:48:49,Cux2-CreERT2;Camk2a-tTA;Ai93-413742,Cux2-CreERT2,175,777856546,VisCodingTargetedMovies,753852001,VisCodingTargetedMovieClips,/allen/programs/braintv/production/neuralcoding/prod58/specimen_753852001/ophys_session_777856546/,VISp
220,2018-12-11 18:30:11,Rbp4-Cre_KL100;Camk2a-tTA;Ai93-419158,Rbp4-Cre_KL100,375,793051644,VisCodingTargetedRunningDecoding,759496697,VisCodingTargetedRunningDecoding,/allen/programs/braintv/production/neuralcoding/prod59/specimen_759496697/ophys_session_793051644/,VISal
221,2018-11-13 19:31:31,Rbp4-Cre_KL100;Camk2a-tTA;Ai93-414556,Rbp4-Cre_KL100,375,778156289,VisCodingTargetedMovies,753847689,VisCodingTargetedMovieClips,/allen/programs/braintv/production/neuralcoding/prod58/specimen_753847689/ophys_session_778156289/,VISp
222,2018-11-13 19:45:29,Sst-IRES-Cre;Ai148-414202,Sst-IRES-Cre,275,778165960,VisCodingTargetedTFxSF,759066288,VisCodingTargetedTFxSF,/allen/programs/braintv/production/neuralcoding/prod59/specimen_759066288/ophys_session_778165960/,VISal
223,2018-12-18 17:09:32,Sst-IRES-Cre;Ai148-421060,Sst-IRES-Cre,275,797356052,VisCodingTargetedTFxSF,760940732,VisCodingTargetedTFxSF,/allen/programs/braintv/production/neuralcoding/prod59/specimen_760940732/ophys_session_797356052/,VISl
224,2018-11-20 01:17:28,Sst-IRES-Cre;Ai148-414202,Sst-IRES-Cre,275,782420243,VisCodingTargetedTFxSF,759066288,VisCodingTargetedTFxSF,/allen/programs/braintv/production/neuralcoding/prod59/specimen_759066288/ophys_session_782420243/,VISp
225,2018-11-15 16:19:21,Cux2-CreERT2;Camk2a-tTA;Ai93-413742,Cux2-CreERT2,175,779432537,VisCodingTargetedMovies,753852001,VisCodingTargetedMovieClips,/allen/programs/braintv/production/neuralcoding/prod58/specimen_753852001/ophys_session_779432537/,VISam
226,2018-11-15 20:05:03,Rbp4-Cre_KL100;Camk2a-tTA;Ai93-414560,Rbp4-Cre_KL100,375,779818144,VisCodingTargetedMovies,756677939,VisCodingTargetedMovieClips,/allen/programs/braintv/production/neuralcoding/prod59/specimen_756677939/ophys_session_779818144/,VISal
227,2018-11-15 21:56:59,Sst-IRES-Cre;Ai148-414202,Sst-IRES-Cre,275,779940237,VisCodingTargetedTFxSF,759066288,VisCodingTargetedTFxSF,/allen/programs/braintv/production/neuralcoding/prod59/specimen_759066288/ophys_session_779940237/,VISp
228,2018-11-15 23:28:43,Rbp4-Cre_KL100;Camk2a-tTA;Ai93-414556,Rbp4-Cre_KL100,375,780001940,VisCodingTargetedRunningDecoding,753847689,VisCodingTargetedRunningDecoding,/allen/programs/braintv/production/neuralcoding/prod58/specimen_753847689/ophys_session_780001940/,VISal
229,2018-11-19 16:35:29,Cux2-CreERT2;Camk2a-tTA;Ai93-413742,Cux2-CreERT2,175,781473377,VisCodingTargetedMovies,753852001,VisCodingTargetedMovieClips,/allen/programs/braintv/production/neuralcoding/prod58/specimen_753852001/ophys_session_781473377/,VISp
230,2018-11-16 15:50:00,Cux2-CreERT2;Camk2a-tTA;Ai93-413742,Cux2-CreERT2,175,780169348,VisCodingTargetedMovies,753852001,VisCodingTargetedMovieClips,/allen/programs/braintv/production/neuralcoding/prod58/specimen_753852001/ophys_session_780169348/,VISpm
231,2018-11-20 15:55:40,Cux2-CreERT2;Camk2a-tTA;Ai93-413742,Cux2-CreERT2,175,782812556,VisCodingTargetedMovies,753852001,VisCodingTargetedMovieClips,/allen/programs/braintv/production/neuralcoding/prod58/specimen_753852001/ophys_session_782812556/,VISam
232,2018-11-20 19:28:04,Rbp4-Cre_KL100;Camk2a-tTA;Ai93-414556,Rbp4-Cre_KL100,385,783216732,VisCodingTargetedRunningDecoding,753847689,VisCodingTargetedRunningDecoding,/allen/programs/braintv/production/neuralcoding/prod58/specimen_753847689/ophys_session_783216732/,VISp
233,2018-11-21 17:57:21,Sst-IRES-Cre;Ai148-421062,Sst-IRES-Cre,275,783998921,VisCodingTargetedContrast,760984688,VisCodingTargetedContrast,/allen/programs/braintv/production/neuralcoding/prod59/specimen_760984688/ophys_session_783998921/,VISl
234,2018-11-26 21:08:17,Ntsr1-Cre_GN220;Ai148-414035,Ntsr1-Cre_GN220,550,785467612,VisCodingTargetedRunningDecoding,754469470,VisCodingTargetedRunningDecoding,/allen/programs/braintv/production/neuralcoding/prod58/specimen_754469470/ophys_session_785467612/,VISp
235,2018-12-20 17:50:30,Sst-IRES-Cre;Ai148-421060,Sst-IRES-Cre,275,799645540,VisCodingTargetedTFxSF,760940732,VisCodingTargetedTFxSF,/allen/programs/braintv/production/neuralcoding/prod59/specimen_760940732/ophys_session_799645540/,VISl
236,2018-11-27 23:23:19,Sst-IRES-Cre;Ai148-414202,Sst-IRES-Cre,275,786264766,VisCodingTargetedTFxSF,759066288,VisCodingTargetedTFxSF,/allen/programs/braintv/production/neuralcoding/prod59/specimen_759066288/ophys_session_786264766/,VISpm
237,2018-11-27 20:26:47,Rbp4-Cre_KL100;Camk2a-tTA;Ai93-414560,Rbp4-Cre_KL100,375,786079238,VisCodingTargetedMovies,756677939,VisCodingTargetedMovieClips,/allen/programs/braintv/production/neuralcoding/prod59/specimen_756677939/ophys_session_786079238/,VISl
238,2018-11-29 23:50:39,Sst-IRES-Cre;Ai148-421061,Sst-IRES-Cre,250,788395529,VisCodingTargetedContrast,760933183,VisCodingTargetedContrast,/allen/programs/braintv/production/neuralcoding/prod59/specimen_760933183/ophys_session_788395529/,VISp
239,2018-11-29 01:03:33,Sst-IRES-Cre;Ai148-421061,Sst-IRES-Cre,275,787336135,VisCodingTargetedContrast,760933183,VisCodingTargetedContrast,/allen/programs/braintv/production/neuralcoding/prod59/specimen_760933183/ophys_session_787336135/,VISpm
240,2018-11-20 17:30:53,Sst-IRES-Cre;Ai148-421062,Sst-IRES-Cre,275,782956726,VisCodingTargetedContrast,760984688,VisCodingTargetedContrast,/allen/programs/braintv/production/neuralcoding/prod59/specimen_760984688/ophys_session_782956726/,VISal
241,2018-11-21 19:22:01,Rbp4-Cre_KL100;Camk2a-tTA;Ai93-414556,Rbp4-Cre_KL100,375,784120603,VisCodingTargetedRunningDecoding,753847689,VisCodingTargetedRunningDecoding,/allen/programs/braintv/production/neuralcoding/prod58/specimen_753847689/ophys_session_784120603/,VISal
242,2018-11-21 01:32:54,Sst-IRES-Cre;Ai148-421061,Sst-IRES-Cre,275,783618264,VisCodingTargetedContrast,760933183,VisCodingTargetedContrast,/allen/programs/braintv/production/neuralcoding/prod59/specimen_760933183/ophys_session_783618264/,VISal
243,2018-12-12 16:07:40,Sst-IRES-Cre;Ai148-421060,Sst-IRES-Cre,275,793874958,VisCodingTargetedContrast,760940732,VisCodingTargetedContrast,/allen/programs/braintv/production/neuralcoding/prod59/specimen_760940732/ophys_session_793874958/,VISl
244,2018-12-01 00:29:44,Sst-IRES-Cre;Ai148-421061,Sst-IRES-Cre,275,789270340,VisCodingTargetedContrast,760933183,VisCodingTargetedContrast,/allen/programs/braintv/production/neuralcoding/prod59/specimen_760933183/ophys_session_789270340/,VISal
245,2018-12-07 22:55:34,Cux2-CreERT2;Camk2a-tTA;Ai93-422893,Cux2-CreERT2,175,791869626,VisCodingTargetedContrast,769316535,VisCodingTargetedContrast,/allen/programs/braintv/production/neuralcoding/prod60/specimen_769316535/ophys_session_791869626/,VISp
246,2018-11-20 20:45:30,Rbp4-Cre_KL100;Camk2a-tTA;Ai93-414560,Rbp4-Cre_KL100,375,783319327,VisCodingTargetedMovies,756677939,VisCodingTargetedMovieClips,/allen/programs/braintv/production/neuralcoding/prod59/specimen_756677939/ophys_session_783319327/,VISam
247,2018-11-29 01:19:00,Sst-IRES-Cre;Ai148-414202,Sst-IRES-Cre,275,787347373,VisCodingTargetedTFxSF,759066288,VisCodingTargetedTFxSF,/allen/programs/braintv/production/neuralcoding/prod59/specimen_759066288/ophys_session_787347373/,VISpm
248,2018-12-17 17:09:27,Rorb-IRES2-Cre;Camk2a-tTA;Ai93-423225,Rorb-IRES2-Cre,275,796420836,VisCodingTargetedRunningDecoding,769367548,VisCodingTargetedRunningDecoding,/allen/programs/braintv/production/neuralcoding/prod60/specimen_769367548/ophys_session_796420836/,VISp
249,2018-11-28 19:13:35,Rbp4-Cre_KL100;Camk2a-tTA;Ai93-414560,Rbp4-Cre_KL100,375,786931122,VisCodingTargetedMovies,756677939,VisCodingTargetedMovieClips,/allen/programs/braintv/production/neuralcoding/prod59/specimen_756677939/ophys_session_786931122/,VISam
250,2018-11-30 21:00:01,Rbp4-Cre_KL100;Camk2a-tTA;Ai93-419158,Rbp4-Cre_KL100,375,789095523,VisCodingTargetedRunningDecoding,759496697,VisCodingTargetedRunningDecoding,/allen/programs/braintv/production/neuralcoding/prod59/specimen_759496697/ophys_session_789095523/,VISal
251,2019-01-02 22:02:05,Cux2-CreERT2;Camk2a-tTA;Ai93-422893,Cux2-CreERT2,175,802473591,VisCodingTargetedContrast,769316535,VisCodingTargetedContrast,/allen/programs/braintv/production/neuralcoding/prod60/specimen_769316535/ophys_session_802473591/,VISal
252,2019-01-03 18:11:15,Cux2-CreERT2;Camk2a-tTA;Ai93(NC)-423244,Cux2-CreERT2,175,802941425,VisCodingTargetedContrast,772656187,VisCodingTargetedContrast,/allen/programs/braintv/production/neuralcoding/prod60/specimen_772656187/ophys_session_802941425/,VISl
253,2018-11-27 21:12:59,Ntsr1-Cre_GN220;Ai148-414035,Ntsr1-Cre_GN220,550,786137541,VisCodingTargetedRunningDecoding,754469470,VisCodingTargetedRunningDecoding,/allen/programs/braintv/production/neuralcoding/prod58/specimen_754469470/ophys_session_786137541/,VISal
254,2018-11-29 17:50:12,Sst-IRES-Cre;Ai148-421062,Sst-IRES-Cre,275,787891349,VisCodingTargetedContrast,760984688,VisCodingTargetedContrast,/allen/programs/braintv/production/neuralcoding/prod59/specimen_760984688/ophys_session_787891349/,VISal
255,2018-11-28 17:49:11,Sst-IRES-Cre;Ai148-421062,Sst-IRES-Cre,265,786831938,VisCodingTargetedContrast,760984688,VisCodingTargetedContrast,/allen/programs/braintv/production/neuralcoding/prod59/specimen_760984688/ophys_session_786831938/,VISl
256,2018-11-26 17:46:44,Sst-IRES-Cre;Ai148-421062,Sst-IRES-Cre,275,785370795,VisCodingTargetedContrast,760984688,VisCodingTargetedContrast,/allen/programs/braintv/production/neuralcoding/prod59/specimen_760984688/ophys_session_785370795/,VISp
257,2018-11-29 20:45:49,Rbp4-Cre_KL100;Camk2a-tTA;Ai93-414560,Rbp4-Cre_KL100,375,788183504,VisCodingTargetedMovies,756677939,VisCodingTargetedMovieClips,/allen/programs/braintv/production/neuralcoding/prod59/specimen_756677939/ophys_session_788183504/,VISpm
258,2018-11-30 16:12:32,Cux2-CreERT2;Camk2a-tTA;Ai93-422019,Camk2a-CreERT2,175,788605284,VisCodingTargetedContrast,765991985,VisCodingTargetedContrast,/allen/programs/braintv/production/neuralcoding/prod59/specimen_765991985/ophys_session_788605284/,VISal
259,2018-11-30 16:12:32,Cux2-CreERT2;Camk2a-tTA;Ai93-422019,Cux2-CreERT2,175,788605284,VisCodingTargetedContrast,765991985,VisCodingTargetedContrast,/allen/programs/braintv/production/neuralcoding/prod59/specimen_765991985/ophys_session_788605284/,VISal
260,2018-11-29 21:06:18,Rbp4-Cre_KL100;Camk2a-tTA;Ai93-419158,Rbp4-Cre_KL100,375,788202115,VisCodingTargetedMovies,759496697,VisCodingTargetedMovieClips,/allen/programs/braintv/production/neuralcoding/prod59/specimen_759496697/ophys_session_788202115/,VISrl
261,2018-11-28 19:46:54,Rbp4-Cre_KL100;Camk2a-tTA;Ai93-419158,Rbp4-Cre_KL100,375,786971153,VisCodingTargetedMovies,759496697,VisCodingTargetedMovieClips,/allen/programs/braintv/production/neuralcoding/prod59/specimen_759496697/ophys_session_786971153/,VISrl
262,2018-11-30 17:58:52,Sst-IRES-Cre;Ai148-421062,Sst-IRES-Cre,275,788822860,VisCodingTargetedTFxSF,760984688,VisCodingTargetedTFxSF,/allen/programs/braintv/production/neuralcoding/prod59/specimen_760984688/ophys_session_788822860/,VISal
263,2018-11-30 21:20:16,Ntsr1-Cre_GN220;Ai148-419530,Ntsr1-Cre_GN220,550,789112476,VisCodingTargetedRunningDecoding,763958536,VisCodingTargetedRunningDecoding,/allen/programs/braintv/production/neuralcoding/prod59/specimen_763958536/ophys_session_789112476/,VISal
264,2018-12-18 18:30:16,Sst-IRES-Cre;Ai148-421587,Sst-IRES-Cre,275,797559679,VisCodingTargetedTFxSF,763832038,VisCodingTargetedTFxSF,/allen/programs/braintv/production/neuralcoding/prod59/specimen_763832038/ophys_session_797559679/,VISl
265,2018-12-11 16:48:09,Rorb-IRES2-Cre;Camk2a-tTA;Ai93-423225,Rorb-IRES2-Cre,275,792879437,VisCodingTargetedRunningDecoding,769367548,VisCodingTargetedRunningDecoding,/allen/programs/braintv/production/neuralcoding/prod60/specimen_769367548/ophys_session_792879437/,VISl
266,2018-12-11 18:48:50,Ntsr1-Cre_GN220;Ai148-419530,Ntsr1-Cre_GN220,550,793082965,VisCodingTargetedRunningDecoding,763958536,VisCodingTargetedRunningDecoding,/allen/programs/braintv/production/neuralcoding/prod59/specimen_763958536/ophys_session_793082965/,VISl
267,2018-12-17 22:35:46,Cux2-CreERT2;Camk2a-tTA;Ai93-422893,Cux2-CreERT2,175,797016848,VisCodingTargetedContrast,769316535,VisCodingTargetedContrast,/allen/programs/braintv/production/neuralcoding/prod60/specimen_769316535/ophys_session_797016848/,VISpm
268,2018-12-20 17:40:23,Rorb-IRES2-Cre;Camk2a-tTA;Ai93-423225,Rorb-IRES2-Cre,275,799627315,VisCodingTargetedRunningDecoding,769367548,VisCodingTargetedRunningDecoding,/allen/programs/braintv/production/neuralcoding/prod60/specimen_769367548/ophys_session_799627315/,VISl
269,2018-12-20 19:05:06,Cux2-CreERT2;Camk2a-tTA;Ai93(NC)-423242,Cux2-CreERT2,175,799774167,VisCodingTargetedTFxSF,772622312,VisCodingTargetedTFxSF,/allen/programs/braintv/production/neuralcoding/prod60/specimen_772622312/ophys_session_799774167/,VISl
270,2018-12-07 19:33:33,Rbp4-Cre_KL100;Camk2a-tTA;Ai93-419158,Rbp4-Cre_KL100,375,791774327,VisCodingTargetedMovies,759496697,VisCodingTargetedMovieClips,/allen/programs/braintv/production/neuralcoding/prod59/specimen_759496697/ophys_session_791774327/,VISrl
271,2018-12-10 16:25:27,Sst-IRES-Cre;Ai148-421060,Sst-IRES-Cre,275,792319003,VisCodingTargetedContrast,760940732,VisCodingTargetedContrast,/allen/programs/braintv/production/neuralcoding/prod59/specimen_760940732/ophys_session_792319003/,VISp
272,2018-12-18 18:56:03,Cux2-CreERT2;Camk2a-tTA;Ai93(NC)-423244,Cux2-CreERT2,175,797612122,VisCodingTargetedTFxSF,772656187,VisCodingTargetedTFxSF,/allen/programs/braintv/production/neuralcoding/prod60/specimen_772656187/ophys_session_797612122/,VISam
273,2018-12-21 16:34:05,Rorb-IRES2-Cre;Camk2a-tTA;Ai93-423225,Rorb-IRES2-Cre,275,800143207,VisCodingTargetedRunningDecoding,769367548,VisCodingTargetedRunningDecoding,/allen/programs/braintv/production/neuralcoding/prod60/specimen_769367548/ophys_session_800143207/,VISp
274,2018-12-12 15:49:44,Cux2-CreERT2;Camk2a-tTA;Ai93-422019,Camk2a-CreERT2,175,793855640,VisCodingTargetedTFxSF,765991985,VisCodingTargetedTFxSF,/allen/programs/braintv/production/neuralcoding/prod59/specimen_765991985/ophys_session_793855640/,VISal
275,2018-12-12 15:49:44,Cux2-CreERT2;Camk2a-tTA;Ai93-422019,Cux2-CreERT2,175,793855640,VisCodingTargetedTFxSF,765991985,VisCodingTargetedTFxSF,/allen/programs/braintv/production/neuralcoding/prod59/specimen_765991985/ophys_session_793855640/,VISal
276,2019-01-02 18:50:59,Rorb-IRES2-Cre;Camk2a-tTA;Ai93-423225,Rorb-IRES2-Cre,275,802401658,VisCodingTargetedRunningDecoding,769367548,VisCodingTargetedRunningDecoding,/allen/programs/braintv/production/neuralcoding/prod60/specimen_769367548/ophys_session_802401658/,VISp
277,2019-01-03 20:32:40,Cux2-CreERT2;Camk2a-tTA;Ai93(NC)-423242,Cux2-CreERT2,175,803007090,VisCodingTargetedRunningDecoding,772622312,VisCodingTargetedRunningDecoding,/allen/programs/braintv/production/neuralcoding/prod60/specimen_772622312/ophys_session_803007090/,VISal
278,2018-12-12 17:39:50,Rorb-IRES2-Cre;Camk2a-tTA;Ai93-423225,Rorb-IRES2-Cre,275,794035587,VisCodingTargetedRunningDecoding,769367548,VisCodingTargetedRunningDecoding,/allen/programs/braintv/production/neuralcoding/prod60/specimen_769367548/ophys_session_794035587/,VISal
279,2018-12-07 16:26:27,Sst-IRES-Cre;Ai148-421060,Sst-IRES-Cre,275,791556785,VisCodingTargetedContrast,760940732,VisCodingTargetedContrast,/allen/programs/braintv/production/neuralcoding/prod59/specimen_760940732/ophys_session_791556785/,VISp
280,2019-01-09 19:05:23,Cux2-CreERT2;Camk2a-tTA;Ai93(NC)-423242,Cux2-CreERT2,175,806050255,VisCodingTargetedContrast,772622312,VisCodingTargetedContrast,/allen/programs/braintv/production/neuralcoding/prod60/specimen_772622312/ophys_session_806050255/,VISal
281,2018-12-10 16:03:00,Cux2-CreERT2;Camk2a-tTA;Ai93-422019,Camk2a-CreERT2,175,792316062,VisCodingTargetedTFxSF,765991985,VisCodingTargetedTFxSF,/allen/programs/braintv/production/neuralcoding/prod59/specimen_765991985/ophys_session_792316062/,VISl
282,2018-12-10 16:03:00,Cux2-CreERT2;Camk2a-tTA;Ai93-422019,Cux2-CreERT2,175,792316062,VisCodingTargetedTFxSF,765991985,VisCodingTargetedTFxSF,/allen/programs/braintv/production/neuralcoding/prod59/specimen_765991985/ophys_session_792316062/,VISl
283,2018-12-10 17:46:29,Rorb-IRES2-Cre;Camk2a-tTA;Ai93-423225,Rorb-IRES2-Cre,275,792449512,VisCodingTargetedRunningDecoding,769367548,VisCodingTargetedRunningDecoding,/allen/programs/braintv/production/neuralcoding/prod60/specimen_769367548/ophys_session_792449512/,VISal
284,2018-12-18 19:59:51,Cux2-CreERT2;Camk2a-tTA;Ai93(NC)-423242,Cux2-CreERT2,175,797729073,VisCodingTargetedTFxSF,772622312,VisCodingTargetedTFxSF,/allen/programs/braintv/production/neuralcoding/prod60/specimen_772622312/ophys_session_797729073/,VISal
285,2018-12-21 17:05:54,Cux2-CreERT2;Camk2a-tTA;Ai93(NC)-423242,Cux2-CreERT2,175,800164268,VisCodingTargetedRunningDecoding,772622312,VisCodingTargetedRunningDecoding,/allen/programs/braintv/production/neuralcoding/prod60/specimen_772622312/ophys_session_800164268/,VISal
286,2018-12-20 19:16:21,Cux2-CreERT2;Camk2a-tTA;Ai93(NC)-423244,Cux2-CreERT2,175,799787572,VisCodingTargetedTFxSF,772656187,VisCodingTargetedTFxSF,/allen/programs/braintv/production/neuralcoding/prod60/specimen_772656187/ophys_session_799787572/,VISal
287,2018-12-19 18:28:49,Rorb-IRES2-Cre;Camk2a-tTA;Ai93-423225,Rorb-IRES2-Cre,275,798747988,VisCodingTargetedRunningDecoding,769367548,VisCodingTargetedRunningDecoding,/allen/programs/braintv/production/neuralcoding/prod60/specimen_769367548/ophys_session_798747988/,VISp
288,2018-12-19 18:16:39,Sst-IRES-Cre;Ai148-421587,Sst-IRES-Cre,275,798725363,VisCodingTargetedTFxSF,763832038,VisCodingTargetedTFxSF,/allen/programs/braintv/production/neuralcoding/prod59/specimen_763832038/ophys_session_798725363/,VISl
289,2019-01-02 22:53:17,Cux2-CreERT2;Camk2a-tTA;Ai93(NC)-423244,Cux2-CreERT2,175,802500210,VisCodingTargetedContrast,772656187,VisCodingTargetedContrast,/allen/programs/braintv/production/neuralcoding/prod60/specimen_772656187/ophys_session_802500210/,VISam
290,2018-12-20 21:36:56,Sst-IRES-Cre;Ai148-421061,Sst-IRES-Cre,275,799890062,VisCodingTargetedTFxSF,760933183,VisCodingTargetedTFxSF,/allen/programs/braintv/production/neuralcoding/prod59/specimen_760933183/ophys_session_799890062/,VISpm
291,2019-01-03 23:15:00,Sst-IRES-Cre;Ai148-421061,Sst-IRES-Cre,275,803063130,VisCodingTargetedTFxSF,760933183,VisCodingTargetedTFxSF,/allen/programs/braintv/production/neuralcoding/prod59/specimen_760933183/ophys_session_803063130/,VISp
292,2018-12-07 17:42:41,Rorb-IRES2-Cre;Camk2a-tTA;Ai93-423225,Rorb-IRES2-Cre,275,791733321,VisCodingTargetedRunningDecoding,769367548,VisCodingTargetedRunningDecoding,/allen/programs/braintv/production/neuralcoding/prod60/specimen_769367548/ophys_session_791733321/,VISal
293,2019-01-04 17:22:45,Sst-IRES-Cre;Ai148-421060,Sst-IRES-Cre,275,803237009,VisCodingTargetedTFxSF,760940732,VisCodingTargetedTFxSF,/allen/programs/braintv/production/neuralcoding/prod59/specimen_760940732/ophys_session_803237009/,VISal
294,2018-12-10 21:40:37,Ntsr1-Cre_GN220;Ai148-419530,Ntsr1-Cre_GN220,550,792632685,VisCodingTargetedRunningDecoding,763958536,VisCodingTargetedRunningDecoding,/allen/programs/braintv/production/neuralcoding/prod59/specimen_763958536/ophys_session_792632685/,VISp
295,2018-12-12 21:44:22,Ntsr1-Cre_GN220;Ai148-419530,Ntsr1-Cre_GN220,550,794278695,VisCodingTargetedRunningDecoding,763958536,VisCodingTargetedRunningDecoding,/allen/programs/braintv/production/neuralcoding/prod59/specimen_763958536/ophys_session_794278695/,VISp
296,2018-12-21 16:58:34,Sst-IRES-Cre;Ai148-421061,Sst-IRES-Cre,275,800151868,VisCodingTargetedTFxSF,760933183,VisCodingTargetedTFxSF,/allen/programs/braintv/production/neuralcoding/prod59/specimen_760933183/ophys_session_800151868/,VISp
297,2018-12-19 20:32:40,Cux2-CreERT2;Camk2a-tTA;Ai93(NC)-423244,Cux2-CreERT2,175,798920347,VisCodingTargetedTFxSF,772656187,VisCodingTargetedTFxSF,/allen/programs/braintv/production/neuralcoding/prod60/specimen_772656187/ophys_session_798920347/,VISam
298,2018-12-19 20:50:07,Cux2-CreERT2;Camk2a-tTA;Ai93(NC)-423242,Cux2-CreERT2,175,798938968,VisCodingTargetedTFxSF,772622312,VisCodingTargetedTFxSF,/allen/programs/braintv/production/neuralcoding/prod60/specimen_772622312/ophys_session_798938968/,VISal
299,2019-01-07 20:20:42,Cux2-CreERT2;Camk2a-tTA;Ai93(NC)-423242,Cux2-CreERT2,175,804893755,VisCodingTargetedRunningDecoding,772622312,VisCodingTargetedRunningDecoding,/allen/programs/braintv/production/neuralcoding/prod60/specimen_772622312/ophys_session_804893755/,VISl
300,2018-12-04 17:54:54,Sst-IRES-Cre;Ai148-421062,Sst-IRES-Cre,285,790243253,VisCodingTargetedContrast,760984688,VisCodingTargetedContrast,/allen/programs/braintv/production/neuralcoding/prod59/specimen_760984688/ophys_session_790243253/,VISl
301,2018-12-19 16:25:57,Sst-IRES-Cre;Ai148-421060,Sst-IRES-Cre,275,798500537,VisCodingTargetedTFxSF,760940732,VisCodingTargetedTFxSF,/allen/programs/braintv/production/neuralcoding/prod59/specimen_760940732/ophys_session_798500537/,VISp
302,2018-12-20 21:23:51,Cux2-CreERT2;Camk2a-tTA;Ai93-422893,Cux2-CreERT2,175,799883837,VisCodingTargetedContrast,769316535,VisCodingTargetedContrast,/allen/programs/braintv/production/neuralcoding/prod60/specimen_769316535/ophys_session_799883837/,VISpm
303,2018-12-04 19:26:40,Ntsr1-Cre_GN220;Ai148-419530,Ntsr1-Cre_GN220,550,790353900,VisCodingTargetedRunningDecoding,763958536,VisCodingTargetedRunningDecoding,/allen/programs/braintv/production/neuralcoding/prod59/specimen_763958536/ophys_session_790353900/,VISal
304,2018-12-19 23:00:45,Sst-IRES-Cre;Ai148-421061,Sst-IRES-Cre,275,799095423,VisCodingTargetedTFxSF,760933183,VisCodingTargetedTFxSF,/allen/programs/braintv/production/neuralcoding/prod59/specimen_760933183/ophys_session_799095423/,VISl
305,2018-12-21 17:16:21,Cux2-CreERT2;Camk2a-tTA;Ai93(NC)-423244,Cux2-CreERT2,175,800171732,VisCodingTargetedContrast,772656187,VisCodingTargetedContrast,/allen/programs/braintv/production/neuralcoding/prod60/specimen_772656187/ophys_session_800171732/,VISam
306,2019-01-03 00:40:39,Sst-IRES-Cre;Ai148-421590,Sst-IRES-Cre,275,802548622,VisCodingTargetedTFxSF,763248171,VisCodingTargetedTFxSF,/allen/programs/braintv/production/neuralcoding/prod59/specimen_763248171/ophys_session_802548622/,VISpm
307,2019-01-04 17:00:06,Cux2-CreERT2;Camk2a-tTA;Ai93(NC)-423245,Cux2-CreERT2,175,803232810,VisCodingTargetedContrast,772649832,VisCodingTargetedContrast,/allen/programs/braintv/production/neuralcoding/prod60/specimen_772649832/ophys_session_803232810/,VISpm
308,2018-12-03 16:02:36,Cux2-CreERT2;Camk2a-tTA;Ai93-422019,Camk2a-CreERT2,175,789682189,VisCodingTargetedContrast,765991985,VisCodingTargetedContrast,/allen/programs/braintv/production/neuralcoding/prod59/specimen_765991985/ophys_session_789682189/,VISp
309,2018-12-03 16:02:36,Cux2-CreERT2;Camk2a-tTA;Ai93-422019,Cux2-CreERT2,175,789682189,VisCodingTargetedContrast,765991985,VisCodingTargetedContrast,/allen/programs/braintv/production/neuralcoding/prod59/specimen_765991985/ophys_session_789682189/,VISp
310,2019-02-21 18:36:07,Rbp4-Cre_KL100;Camk2a-tTA;Ai93-423096,Rbp4-Cre_KL100,375,826715105,VisCodingTargetedSignalNoise,766025762,TenSessionClips_6,/allen/programs/braintv/production/neuralcoding/prod60/specimen_766025762/ophys_session_826715105/,VISp
311,2018-12-03 18:11:35,Sst-IRES-Cre;Ai148-421586,Sst-IRES-Cre,265,789877828,VisCodingTargetedContrast,763247322,VisCodingTargetedContrast,/allen/programs/braintv/production/neuralcoding/prod59/specimen_763247322/ophys_session_789877828/,VISpm
312,2018-12-03 17:46:33,Sst-IRES-Cre;Ai148-421062,Sst-IRES-Cre,285,789848743,VisCodingTargetedTFxSF,760984688,VisCodingTargetedTFxSF,/allen/programs/braintv/production/neuralcoding/prod59/specimen_760984688/ophys_session_789848743/,VISal
313,2018-12-19 22:48:26,Cux2-CreERT2;Camk2a-tTA;Ai93-422893,Cux2-CreERT2,175,799078171,VisCodingTargetedMovies,769316535,VisCodingTargetedMovieClips,/allen/programs/braintv/production/neuralcoding/prod60/specimen_769316535/ophys_session_799078171/,VISpm
314,2019-01-07 20:55:08,Cux2-CreERT2;Camk2a-tTA;Ai93-422893,Cux2-CreERT2,175,804919130,VisCodingTargetedTFxSF,769316535,VisCodingTargetedTFxSF,/allen/programs/braintv/production/neuralcoding/prod60/specimen_769316535/ophys_session_804919130/,VISl
315,2019-01-08 22:13:16,Cux2-CreERT2;Camk2a-tTA;Ai93-422893,Cux2-CreERT2,175,805615556,VisCodingTargetedTFxSF,769316535,VisCodingTargetedTFxSF,/allen/programs/braintv/production/neuralcoding/prod60/specimen_769316535/ophys_session_805615556/,VISam
316,2019-01-09 21:05:32,Cux2-CreERT2;Camk2a-tTA;Ai93-422893,Cux2-CreERT2,175,806172153,VisCodingTargetedTFxSF,769316535,VisCodingTargetedTFxSF,/allen/programs/braintv/production/neuralcoding/prod60/specimen_769316535/ophys_session_806172153/,VISpm
317,2018-12-03 22:53:37,Ntsr1-Cre_GN220;Ai148-419530,Ntsr1-Cre_GN220,550,790020860,VisCodingTargetedRunningDecoding,763958536,VisCodingTargetedRunningDecoding,/allen/programs/braintv/production/neuralcoding/prod59/specimen_763247322/ophys_session_790020860/,VISal
318,2018-12-03 21:26:46,Rbp4-Cre_KL100;Camk2a-tTA;Ai93-419158,Rbp4-Cre_KL100,375,790005301,VisCodingTargetedRunningDecoding,759496697,VisCodingTargetedRunningDecoding,/allen/programs/braintv/production/neuralcoding/prod59/specimen_760984688/ophys_session_790005301/,VISal
319,2018-12-13 16:45:53,Sst-IRES-Cre;Ai148-421060,Sst-IRES-Cre,275,794590232,VisCodingTargetedTFxSF,760940732,VisCodingTargetedTFxSF,/allen/programs/braintv/production/neuralcoding/prod59/specimen_760940732/ophys_session_794590232/,VISp
320,2018-12-04 01:57:59,Sst-IRES-Cre;Ai148-421061,Sst-IRES-Cre,275,790078838,VisCodingTargetedContrast,760933183,VisCodingTargetedContrast,/allen/programs/braintv/production/neuralcoding/prod59/specimen_760933183/ophys_session_790078838/,VISpm
321,2018-12-04 01:38:10,Sst-IRES-Cre;Ai148-421590,Sst-IRES-Cre,265,790073891,VisCodingTargetedContrast,763248171,VisCodingTargetedContrast,/allen/programs/braintv/production/neuralcoding/prod59/specimen_763248171/ophys_session_790073891/,VISpm
322,2019-02-12 20:47:09,Rbp4-Cre_KL100;Camk2a-tTA;Ai93-423096,Rbp4-Cre_KL100,375,821719163,VisCodingTargetedSignalNoise,766025762,TenSessionClips_7,/allen/programs/braintv/production/neuralcoding/prod60/specimen_766025762/ophys_session_821719163/,VISp
323,2019-01-10 22:28:43,Cux2-CreERT2;Camk2a-tTA;Ai93-422893,Cux2-CreERT2,175,806835465,VisCodingTargetedTFxSF,769316535,VisCodingTargetedTFxSF,/allen/programs/braintv/production/neuralcoding/prod60/specimen_769316535/ophys_session_806835465/,VISpm
324,2019-01-10 19:34:47,Cux2-CreERT2;Camk2a-tTA;Ai93(NC)-423242,Cux2-CreERT2,175,806758614,VisCodingTargetedRunningDecoding,772622312,VisCodingTargetedRunningDecoding,/allen/programs/braintv/production/neuralcoding/prod60/specimen_772622312/ophys_session_806758614/,VISl
325,2018-12-13 16:27:07,Cux2-CreERT2;Camk2a-tTA;Ai93-422019,Camk2a-CreERT2,175,794562341,VisCodingTargetedRunningDecoding,765991985,VisCodingTargetedRunningDecoding,/allen/programs/braintv/production/neuralcoding/prod59/specimen_765991985/ophys_session_794562341/,VISl
326,2018-12-13 16:27:07,Cux2-CreERT2;Camk2a-tTA;Ai93-422019,Cux2-CreERT2,175,794562341,VisCodingTargetedRunningDecoding,765991985,VisCodingTargetedRunningDecoding,/allen/programs/braintv/production/neuralcoding/prod59/specimen_765991985/ophys_session_794562341/,VISl
327,2018-12-13 21:46:47,Ntsr1-Cre_GN220;Ai148-419530,Ntsr1-Cre_GN220,550,794944810,VisCodingTargetedRunningDecoding,763958536,VisCodingTargetedRunningDecoding,/allen/programs/braintv/production/neuralcoding/prod59/specimen_763958536/ophys_session_794944810/,VISp
328,2018-12-04 19:45:40,Rbp4-Cre_KL100;Camk2a-tTA;Ai93-419158,Rbp4-Cre_KL100,375,790391521,VisCodingTargetedRunningDecoding,759496697,VisCodingTargetedRunningDecoding,/allen/programs/braintv/production/neuralcoding/prod59/specimen_759496697/ophys_session_790391521/,VISl
329,2018-12-05 02:20:42,Sst-IRES-Cre;Ai148-421061,Sst-IRES-Cre,275,790632329,VisCodingTargetedContrast,760933183,VisCodingTargetedContrast,/allen/programs/braintv/production/neuralcoding/prod59/specimen_760933183/ophys_session_790632329/,VISl
330,2018-12-14 16:07:47,Sst-IRES-Cre;Ai148-421060,Sst-IRES-Cre,275,795204547,VisCodingTargetedTFxSF,760940732,VisCodingTargetedTFxSF,/allen/programs/braintv/production/neuralcoding/prod59/specimen_760940732/ophys_session_795204547/,VISal
331,2019-02-19 15:48:44,Cux2-CreERT2;Camk2a-tTA;Ai93-433413,Cux2-CreERT2,175,825180678,VisCodingTargetedSignalNoise,800312329,TenSessionClips_3,/allen/programs/braintv/production/neuralcoding/prod61/specimen_800312329/ophys_session_825180678/,VISp
332,2018-12-13 23:49:05,Rbp4-Cre_KL100;Camk2a-tTA;Ai93-419156,Rbp4-Cre_KL100,375,794982853,VisCodingTargetedRunningDecoding,759679908,VisCodingTargetedRunningDecoding,/allen/programs/braintv/production/neuralcoding/prod59/specimen_759679908/ophys_session_794982853/,VISl
333,2018-12-14 17:31:36,Rorb-IRES2-Cre;Camk2a-tTA;Ai93-423225,Rorb-IRES2-Cre,275,795399267,VisCodingTargetedRunningDecoding,769367548,VisCodingTargetedRunningDecoding,/allen/programs/braintv/production/neuralcoding/prod60/specimen_769367548/ophys_session_795399267/,VISl
334,2018-12-15 00:58:58,Rbp4-Cre_KL100;Camk2a-tTA;Ai93-419156,Rbp4-Cre_KL100,375,795894618,VisCodingTargetedRunningDecoding,759679908,VisCodingTargetedRunningDecoding,/allen/programs/braintv/production/neuralcoding/prod59/specimen_759679908/ophys_session_795894618/,VISl
335,2019-02-19 18:36:00,Rorb-IRES2-Cre;Camk2a-tTA;Ai93-437245,Rorb-IRES2-Cre,275,822243211,VisCodingTargetedSignalNoise,803592133,TenSessionClips_2,/allen/programs/braintv/production/neuralcoding/prod61/specimen_803592133/ophys_session_822243211/,VISp
336,2018-12-15 00:40:04,Cux2-CreERT2;Camk2a-tTA;Ai93-422893,Cux2-CreERT2,175,795892214,VisCodingTargetedContrast,769316535,VisCodingTargetedContrast,/allen/programs/braintv/production/neuralcoding/prod60/specimen_769316535/ophys_session_795892214/,VISpm
337,2018-12-13 17:50:29,Rorb-IRES2-Cre;Camk2a-tTA;Ai93-423225,Rorb-IRES2-Cre,275,794688639,VisCodingTargetedRunningDecoding,769367548,VisCodingTargetedRunningDecoding,/allen/programs/braintv/production/neuralcoding/prod60/specimen_769367548/ophys_session_794688639/,VISal
338,2018-12-05 02:40:58,Cux2-CreERT2;Camk2a-tTA;Ai93-422893,Cux2-CreERT2,175,790636906,VisCodingTargetedContrast,769316535,VisCodingTargetedContrast,/allen/programs/braintv/production/neuralcoding/prod60/specimen_769316535/ophys_session_790636906/,VISp
339,2019-02-19 18:26:10,Rbp4-Cre_KL100;Camk2a-tTA;Ai93-423096,Rbp4-Cre_KL100,375,825295018,VisCodingTargetedSignalNoise,766025762,TenSessionClips_3,/allen/programs/braintv/production/neuralcoding/prod60/specimen_766025762/ophys_session_825295018/,VISp
340,2019-01-31 19:27:48,Rbp4-Cre_KL100;Camk2a-tTA;Ai93-423096,Rbp4-Cre_KL100,375,816098693,VisCodingTargetedSignalNoise,766025762,TenSessionClips_2,/allen/programs/braintv/production/neuralcoding/prod60/specimen_766025762/ophys_session_816098693/,VISp
341,2018-12-05 18:21:52,Sst-IRES-Cre;Ai148-421586,Sst-IRES-Cre,275,790856463,VisCodingTargetedTFxSF,763247322,VisCodingTargetedTFxSF,/allen/programs/braintv/production/neuralcoding/prod59/specimen_763247322/ophys_session_790856463/,VISal
342,2018-12-05 21:19:37,Ntsr1-Cre_GN220;Ai148-419530,Ntsr1-Cre_GN220,550,790920747,VisCodingTargetedRunningDecoding,763958536,VisCodingTargetedRunningDecoding,/allen/programs/braintv/production/neuralcoding/prod59/specimen_763958536/ophys_session_790920747/,VISl
343,2018-12-05 20:58:49,Rbp4-Cre_KL100;Camk2a-tTA;Ai93-419158,Rbp4-Cre_KL100,375,790916097,VisCodingTargetedRunningDecoding,759496697,VisCodingTargetedRunningDecoding,/allen/programs/braintv/production/neuralcoding/prod59/specimen_759496697/ophys_session_790916097/,VISl
344,2019-02-14 17:59:14,Rbp4-Cre_KL100;Camk2a-tTA;Ai93-423096,Rbp4-Cre_KL100,375,822883677,VisCodingTargetedSignalNoise,766025762,TenSessionClips_0,/allen/programs/braintv/production/neuralcoding/prod60/specimen_766025762/ophys_session_822883677/,VISp
345,2018-12-13 22:55:07,Cux2-CreERT2;Camk2a-tTA;Ai93-422893,Cux2-CreERT2,175,794971808,VisCodingTargetedContrast,769316535,VisCodingTargetedContrast,/allen/programs/braintv/production/neuralcoding/prod60/specimen_769316535/ophys_session_794971808/,VISl
346,2018-12-06 20:50:08,Rbp4-Cre_KL100;Camk2a-tTA;Ai93-419158,Rbp4-Cre_KL100,375,791330902,VisCodingTargetedMovies,759496697,VisCodingTargetedMovieClips,/allen/programs/braintv/production/neuralcoding/prod59/specimen_759496697/ophys_session_791330902/,VISrl
347,2018-12-06 20:33:17,Ntsr1-Cre_GN220;Ai148-419530,Ntsr1-Cre_GN220,550,791324158,VisCodingTargetedRunningDecoding,763958536,VisCodingTargetedRunningDecoding,/allen/programs/braintv/production/neuralcoding/prod59/specimen_763958536/ophys_session_791324158/,VISl
348,2018-12-06 23:21:03,Sst-IRES-Cre;Ai148-421061,Sst-IRES-Cre,275,791373133,VisCodingTargetedContrast,760933183,VisCodingTargetedContrast,/allen/programs/braintv/production/neuralcoding/prod59/specimen_760933183/ophys_session_791373133/,VISp
349,2019-02-20 15:48:21,Cux2-CreERT2;Camk2a-tTA;Ai93-433413,Cux2-CreERT2,175,825687219,VisCodingTargetedSignalNoise,800312329,TenSessionClips_4,/allen/programs/braintv/production/neuralcoding/prod61/specimen_800312329/ophys_session_825687219/,VISp
350,2018-12-03 21:02:05,Rbp4-Cre_KL100;Camk2a-tTA;Ai93-414560,Rbp4-Cre_KL100,375,790000582,VisCodingTargetedMovies,756677939,VisCodingTargetedMovieClips,/allen/programs/braintv/production/neuralcoding/prod59/specimen_763247322/ophys_session_790000582/,VISam
351,2018-12-06 16:29:44,Sst-IRES-Cre;Ai148-421060,Sst-IRES-Cre,275,791125374,VisCodingTargetedContrast,760940732,VisCodingTargetedContrast,/allen/programs/braintv/production/neuralcoding/prod59/specimen_760940732/ophys_session_791125374/,VISal
352,2018-12-06 16:07:13,Cux2-CreERT2;Camk2a-tTA;Ai93-422019,Camk2a-CreERT2,175,791120861,VisCodingTargetedContrast,765991985,VisCodingTargetedContrast,/allen/programs/braintv/production/neuralcoding/prod59/specimen_765991985/ophys_session_791120861/,VISrl
353,2018-12-06 16:07:13,Cux2-CreERT2;Camk2a-tTA;Ai93-422019,Cux2-CreERT2,175,791120861,VisCodingTargetedContrast,765991985,VisCodingTargetedContrast,/allen/programs/braintv/production/neuralcoding/prod59/specimen_765991985/ophys_session_791120861/,VISrl
354,2018-12-06 17:52:25,Rorb-IRES2-Cre;Camk2a-tTA;Ai93-423225,Rorb-IRES2-Cre,275,791248771,VisCodingTargetedRunningDecoding,769367548,VisCodingTargetedRunningDecoding,/allen/programs/braintv/production/neuralcoding/prod60/specimen_769367548/ophys_session_791248771/,VISal
355,2019-02-20 18:40:04,Rorb-IRES2-Cre;Camk2a-tTA;Ai93-437245,Rorb-IRES2-Cre,275,825943343,VisCodingTargetedSignalNoise,803592133,TenSessionClips_3,/allen/programs/braintv/production/neuralcoding/prod61/specimen_803592133/ophys_session_825943343/,VISp
356,2019-02-14 21:09:26,Cux2-CreERT2;Camk2a-tTA;Ai93-433413,Cux2-CreERT2,175,823176264,VisCodingTargetedSignalNoise,800312329,TenSessionClips_0,/allen/programs/braintv/production/neuralcoding/prod61/specimen_800312329/ophys_session_823176264/,VISp
357,2019-02-20 18:53:54,Rbp4-Cre_KL100;Camk2a-tTA;Ai93-423096,Rbp4-Cre_KL100,375,825968255,VisCodingTargetedSignalNoise,766025762,TenSessionClips_4,/allen/programs/braintv/production/neuralcoding/prod60/specimen_766025762/ophys_session_825968255/,VISp
358,2019-02-01 19:56:33,Rbp4-Cre_KL100;Camk2a-tTA;Ai93-423096,Rbp4-Cre_KL100,375,817086674,VisCodingTargetedSignalNoise,766025762,TenSessionClips_1,/allen/programs/braintv/production/neuralcoding/prod60/specimen_766025762/ophys_session_817086674/,VISp
359,2019-02-25 18:13:06,Rorb-IRES2-Cre;Camk2a-tTA;Ai93-437245,Rorb-IRES2-Cre,275,828638967,VisCodingTargetedSignalNoise,803592133,TenSessionClips_5,/allen/programs/braintv/production/neuralcoding/prod61/specimen_803592133/ophys_session_828638967/,VISp
360,2019-02-15 20:24:21,Cux2-CreERT2;Camk2a-tTA;Ai93-433413,Cux2-CreERT2,175,823770322,VisCodingTargetedSignalNoise,800312329,TenSessionClips_1,/allen/programs/braintv/production/neuralcoding/prod61/specimen_800312329/ophys_session_823770322/,VISp
361,2019-02-14 18:14:54,Rorb-IRES2-Cre;Camk2a-tTA;Ai93-437245,Rorb-IRES2-Cre,275,822906458,VisCodingTargetedSignalNoise,803592133,TenSessionClips_0,/allen/programs/braintv/production/neuralcoding/prod61/specimen_803592133/ophys_session_822906458/,VISp
362,2019-02-18 16:37:52,Cux2-CreERT2;Camk2a-tTA;Ai93-433413,Cux2-CreERT2,175,824437891,VisCodingTargetedSignalNoise,800312329,TenSessionClips_2,/allen/programs/braintv/production/neuralcoding/prod61/specimen_800312329/ophys_session_824437891/,VISp
363,2019-02-18 18:29:29,Rorb-IRES2-Cre;Camk2a-tTA;Ai93-437245,Rorb-IRES2-Cre,275,824649634,VisCodingTargetedSignalNoise,803592133,TenSessionClips_1,/allen/programs/braintv/production/neuralcoding/prod61/specimen_803592133/ophys_session_824649634/,VISp
364,2019-02-26 18:43:14,Rbp4-Cre_KL100;Camk2a-tTA;Ai93-423096,Rbp4-Cre_KL100,375,829177470,VisCodingTargetedSignalNoise,766025762,full_field_test,/allen/programs/braintv/production/neuralcoding/prod60/specimen_766025762/ophys_session_829177470/,VISp
365,2019-02-26 18:29:21,Rorb-IRES2-Cre;Camk2a-tTA;Ai93-437245,Rorb-IRES2-Cre,275,829164429,VisCodingTargetedSignalNoise,803592133,TenSessionClips_6,/allen/programs/braintv/production/neuralcoding/prod61/specimen_803592133/ophys_session_829164429/,VISp
366,2019-02-26 20:19:53,Cux2-CreERT2;Camk2a-tTA;Ai93-433413,Cux2-CreERT2,175,829244233,VisCodingTargetedSignalNoise,800312329,TenSessionClips_7,/allen/programs/braintv/production/neuralcoding/prod61/specimen_800312329/ophys_session_829244233/,VISp
367,2019-02-27 20:31:54,Cux2-CreERT2;Camk2a-tTA;Ai93-433413,Cux2-CreERT2,175,829727518,VisCodingTargetedSignalNoise,800312329,TenSessionClips_8,/allen/programs/braintv/production/neuralcoding/prod61/specimen_800312329/ophys_session_829727518/,VISp
368,2019-02-27 18:40:23,Rorb-IRES2-Cre;Camk2a-tTA;Ai93-437245,Rorb-IRES2-Cre,275,829595270,VisCodingTargetedSignalNoise,803592133,TenSessionClips_7,/allen/programs/braintv/production/neuralcoding/prod61/specimen_803592133/ophys_session_829595270/,VISp
369,2019-02-28 18:40:45,Rorb-IRES2-Cre;Camk2a-tTA;Ai93-437245,Rorb-IRES2-Cre,275,830317026,VisCodingTargetedSignalNoise,803592133,TenSessionClips_8,/allen/programs/braintv/production/neuralcoding/prod61/specimen_803592133/ophys_session_830317026/,VISp
