session_id,name,stimulus_name,specimen_id,storage_directory,external_specimen_name,genotype,date_of_acquisition,rig,date_of_birth,full_genotype,age,sex,parent_session_id,workflow_state,project,stimulus_name
682746585,20180412_373112_ContrastTuning,VisCodingTargetedContrast,661968859,/allen/programs/braintv/production/neuralcoding/prod48/specimen_661968859/ophys_session_682746585/,373112,Rbp4-Cre_KL100;Camk2a-tTA;Ai93(NC),2018-04-12 15:26:00,CAM2P.1,2017-12-16 00:00:00,Rbp4-Cre_KL100/wt;Camk2a-tTA/wt;Ai93(TITL-GCaMP6f)/wt,P139,F,,uploaded,VisCodingTargetedContrast,VisCodingTargetedContrast
690751383,20180426_378346_TargetContrast,VisCodingTargetedContrast,671540231,/allen/programs/braintv/production/neuralcoding/prod50/specimen_671540231/ophys_session_690751383/,378346,Rorb-IRES2-Cre;Camk2a-tTA;Ai93,2018-04-26 19:37:07,CAM2P.1,2018-01-17 00:00:00,Rorb-IRES2-Cre/wt;Camk2a-tTA/wt;Ai93(TITL-GCaMP6f)/wt,P125,F,,uploaded,VisCodingTargetedContrast,VisCodingTargetedContrast
691862168,20180430_379348_ContrastTuning,VisCodingTargetedContrast,669165768,/allen/programs/braintv/production/neuralcoding/prod49/specimen_669165768/ophys_session_691862168/,379348,Vip-IRES-Cre;Ai148,2018-04-30 16:17:55,CAM2P.1,2018-01-24 00:00:00,Vip-IRES-Cre/wt;Ai148(TIT2L-GC6f-ICL-tTA2)/wt,P118,F,,uploaded,VisCodingTargetedContrast,VisCodingTargetedContrast
696537321,20180510_377321_2P2_VISal_275um_ContrastTuning,VisCodingTargetedContrast,664605504,/allen/programs/braintv/production/neuralcoding/prod48/specimen_664605504/ophys_session_696537321/,377321,Sst-IRES-Cre;Ai148,2018-05-10 22:42:15,CAM2P.2,2018-01-08 00:00:00,Sst-IRES-Cre/wt;Ai148(TIT2L-GC6f-ICL-tTA2)/wt,P134,M,,uploaded,VisCodingTargetedContrast,VisCodingTargetedContrast
686569087,20180419_377129_V1_550um_ContrastTuning,VisCodingTargetedContrast,666788991,/allen/programs/braintv/production/neuralcoding/prod49/specimen_666788991/ophys_session_686569087/,377129,Ntsr1-Cre_GN220;Ai148,2018-04-19 16:59:06,CAM2P.2,2018-01-09 00:00:00,Ntsr1-Cre_GN220/wt;Ai148(TIT2L-GC6f-ICL-tTA2)/wt,P133,F,,uploaded,VisCodingTargetedContrast,VisCodingTargetedContrast
694475497,20180504_377151_2P1_VISal_275um_ContrastTuning,VisCodingTargetedContrast,666839638,/allen/programs/braintv/production/neuralcoding/prod49/specimen_666839638/ophys_session_694475497/,377151,Rorb-IRES2-Cre;Camk2a-tTA;Ai93,2018-05-04 22:45:15,CAM2P.1,2018-01-09 00:00:00,Rorb-IRES2-Cre/wt;Camk2a-tTA/wt;Ai93(TITL-GCaMP6f)/wt,P129,M,,uploaded,VisCodingTargetedContrast,VisCodingTargetedContrast
696742747,20180511_383960_TargetedContrast,VisCodingTargetedContrast,678530120,/allen/programs/braintv/production/neuralcoding/prod52/specimen_678530120/ophys_session_696742747/,383960,Vip-IRES-Cre;Ai148,2018-05-11 14:50:43,CAM2P.2,2018-02-18 00:00:00,Vip-IRES-Cre/wt;Ai148(TIT2L-GC6f-ICL-tTA2)/wt,P134,F,,uploaded,VisCodingTargetedContrast,VisCodingTargetedContrast
692130296,20180430_378346_TargetedContrast,VisCodingTargetedContrast,671540231,/allen/programs/braintv/production/neuralcoding/prod50/specimen_671540231/ophys_session_692130296/,378346,Rorb-IRES2-Cre;Camk2a-tTA;Ai93,2018-04-30 18:54:24,CAM2P.1,2018-01-17 00:00:00,Rorb-IRES2-Cre/wt;Camk2a-tTA/wt;Ai93(TITL-GCaMP6f)/wt,P125,F,,uploaded,VisCodingTargetedContrast,VisCodingTargetedContrast
692713539,20180501_378346_TargetedContrast,VisCodingTargetedContrast,671540231,/allen/programs/braintv/production/neuralcoding/prod50/specimen_671540231/ophys_session_692713539/,378346,Rorb-IRES2-Cre;Camk2a-tTA;Ai93,2018-05-01 19:54:25,CAM2P.1,2018-01-17 00:00:00,Rorb-IRES2-Cre/wt;Camk2a-tTA/wt;Ai93(TITL-GCaMP6f)/wt,P125,F,,uploaded,VisCodingTargetedContrast,VisCodingTargetedContrast
692896730,20180502_383647_TargetedContrast,VisCodingTargetedContrast,675881553,/allen/programs/braintv/production/neuralcoding/prod51/specimen_675881553/ophys_session_692896730/,383647,Rorb-IRES2-Cre;Camk2a-tTA;Ai93,2018-05-02 15:46:18,CAM2P.2,2018-02-16 00:00:00,Rorb-IRES2-Cre/wt;Camk2a-tTA/wt;Ai93(TITL-GCaMP6f)/wt,P130,M,,uploaded,VisCodingTargetedContrast,VisCodingTargetedContrast
693913351,20180504_383647_TargetedContrast,VisCodingTargetedContrast,675881553,/allen/programs/braintv/production/neuralcoding/prod51/specimen_675881553/ophys_session_693913351/,383647,Rorb-IRES2-Cre;Camk2a-tTA;Ai93,2018-05-04 14:46:49,CAM2P.2,2018-02-16 00:00:00,Rorb-IRES2-Cre/wt;Camk2a-tTA/wt;Ai93(TITL-GCaMP6f)/wt,P130,M,,uploaded,VisCodingTargetedContrast,VisCodingTargetedContrast
689723323,20180425_378346_TargetedContrast,VisCodingTargetedContrast,671540231,/allen/programs/braintv/production/neuralcoding/prod50/specimen_671540231/ophys_session_689723323/,378346,Rorb-IRES2-Cre;Camk2a-tTA;Ai93,2018-04-25 19:38:12,CAM2P.1,2018-01-17 00:00:00,Rorb-IRES2-Cre/wt;Camk2a-tTA/wt;Ai93(TITL-GCaMP6f)/wt,P125,F,,uploaded,VisCodingTargetedContrast,VisCodingTargetedContrast
693352070,20180503_383647_TargetedContrast,VisCodingTargetedContrast,675881553,/allen/programs/braintv/production/neuralcoding/prod51/specimen_675881553/ophys_session_693352070/,383647,Rorb-IRES2-Cre;Camk2a-tTA;Ai93,2018-05-03 15:33:33,CAM2P.2,2018-02-16 00:00:00,Rorb-IRES2-Cre/wt;Camk2a-tTA/wt;Ai93(TITL-GCaMP6f)/wt,P130,M,,uploaded,VisCodingTargetedContrast,VisCodingTargetedContrast
692796041,20180501_377151_VISp_275um_ContrastTuning,VisCodingTargetedContrast,666839638,/allen/programs/braintv/production/neuralcoding/prod49/specimen_666839638/ophys_session_692796041/,377151,Rorb-IRES2-Cre;Camk2a-tTA;Ai93,2018-05-01 22:02:41,CAM2P.1,2018-01-09 00:00:00,Rorb-IRES2-Cre/wt;Camk2a-tTA/wt;Ai93(TITL-GCaMP6f)/wt,P129,M,,uploaded,VisCodingTargetedContrast,VisCodingTargetedContrast
694568572,20180507_383647_TargetedContrast,VisCodingTargetedContrast,675881553,/allen/programs/braintv/production/neuralcoding/prod51/specimen_675881553/ophys_session_694568572/,383647,Rorb-IRES2-Cre;Camk2a-tTA;Ai93,2018-05-07 15:05:58,CAM2P.2,2018-02-16 00:00:00,Rorb-IRES2-Cre/wt;Camk2a-tTA/wt;Ai93(TITL-GCaMP6f)/wt,P130,M,,uploaded,VisCodingTargetedContrast,VisCodingTargetedContrast
695414843,20180508_378346_TargetedContrast,VisCodingTargetedContrast,671540231,/allen/programs/braintv/production/neuralcoding/prod50/specimen_671540231/ophys_session_695414843/,378346,Rorb-IRES2-Cre;Camk2a-tTA;Ai93,2018-05-08 20:03:27,CAM2P.1,2018-01-17 00:00:00,Rorb-IRES2-Cre/wt;Camk2a-tTA/wt;Ai93(TITL-GCaMP6f)/wt,P125,F,,uploaded,VisCodingTargetedContrast,VisCodingTargetedContrast
697383979,20180514_383960_TargetedContrast,VisCodingTargetedContrast,678530120,/allen/programs/braintv/production/neuralcoding/prod52/specimen_678530120/ophys_session_697383979/,383960,Vip-IRES-Cre;Ai148,2018-05-14 15:22:55,CAM2P.1,2018-02-18 00:00:00,Vip-IRES-Cre/wt;Ai148(TIT2L-GC6f-ICL-tTA2)/wt,P134,F,,uploaded,VisCodingTargetedContrast,VisCodingTargetedContrast
698273664,20180516_379899_TargetedContrast,VisCodingTargetedContrast,673647168,/allen/programs/braintv/production/neuralcoding/prod51/specimen_673647168/ophys_session_698273664/,379899,Vip-IRES-Cre;Ai148,2018-05-16 14:47:15,CAM2P.1,2018-01-27 00:00:00,Vip-IRES-Cre/wt;Ai148(TIT2L-GC6f-ICL-tTA2)/wt,P128,M,,uploaded,VisCodingTargetedContrast,VisCodingTargetedContrast
692496401,20180501_381627_TargetedContrast,VisCodingTargetedContrast,673580710,/allen/programs/braintv/production/neuralcoding/prod51/specimen_673580710/ophys_session_692496401/,381627,Rbp4-Cre_KL100;Camk2a-tTA;Ai93,2018-05-02 17:06:28,CAM2P.1,2018-02-04 00:00:00,Rbp4-Cre_KL100/wt;Camk2a-tTA/wt;Ai93(TITL-GCaMP6f)/wt,P134,M,,uploaded,VisCodingTargetedContrast,VisCodingTargetedContrast
693268220,20180502_377151_2P1_VISl_275um_ContrastTuning,VisCodingTargetedContrast,666839638,/allen/programs/braintv/production/neuralcoding/prod49/specimen_666839638/ophys_session_693268220/,377151,Rorb-IRES2-Cre;Camk2a-tTA;Ai93,2018-05-02 23:09:08,CAM2P.1,2018-01-09 00:00:00,Rorb-IRES2-Cre/wt;Camk2a-tTA/wt;Ai93(TITL-GCaMP6f)/wt,P129,M,,uploaded,VisCodingTargetedContrast,VisCodingTargetedContrast
693811236,20180503_377151_2P1_VISal_275um_ContrastTuning,VisCodingTargetedContrast,666839638,/allen/programs/braintv/production/neuralcoding/prod49/specimen_666839638/ophys_session_693811236/,377151,Rorb-IRES2-Cre;Camk2a-tTA;Ai93,2018-05-03 21:26:35,CAM2P.1,2018-01-09 00:00:00,Rorb-IRES2-Cre/wt;Camk2a-tTA/wt;Ai93(TITL-GCaMP6f)/wt,P129,M,,uploaded,VisCodingTargetedContrast,VisCodingTargetedContrast
695462675,20180508_377321_2P1_VISl_275um_ContrastTuning,VisCodingTargetedContrast,664605504,/allen/programs/braintv/production/neuralcoding/prod48/specimen_664605504/ophys_session_695462675/,377321,Sst-IRES-Cre;Ai148,2018-05-08 23:15:46,CAM2P.1,2018-01-08 00:00:00,Sst-IRES-Cre/wt;Ai148(TIT2L-GC6f-ICL-tTA2)/wt,P134,M,,uploaded,VisCodingTargetedContrast,VisCodingTargetedContrast
699170716,20180518_379899_TargetedContrast,VisCodingTargetedContrast,673647168,/allen/programs/braintv/production/neuralcoding/prod51/specimen_673647168/ophys_session_699170716/,379899,Vip-IRES-Cre;Ai148,2018-05-18 14:55:08,CAM2P.2,2018-01-27 00:00:00,Vip-IRES-Cre/wt;Ai148(TIT2L-GC6f-ICL-tTA2)/wt,P128,M,,uploaded,VisCodingTargetedContrast,VisCodingTargetedContrast
698783832,20180517_379899_TargetedContrast,VisCodingTargetedContrast,673647168,/allen/programs/braintv/production/neuralcoding/prod51/specimen_673647168/ophys_session_698783832/,379899,Vip-IRES-Cre;Ai148,2018-05-17 14:54:50,CAM2P.1,2018-01-27 00:00:00,Vip-IRES-Cre/wt;Ai148(TIT2L-GC6f-ICL-tTA2)/wt,P128,M,,uploaded,VisCodingTargetedContrast,VisCodingTargetedContrast
694777122,20180507_378346_TargetedContrast,VisCodingTargetedContrast,671540231,/allen/programs/braintv/production/neuralcoding/prod50/specimen_671540231/ophys_session_694777122/,378346,Rorb-IRES2-Cre;Camk2a-tTA;Ai93,2018-05-07 19:34:19,CAM2P.1,2018-01-17 00:00:00,Rorb-IRES2-Cre/wt;Camk2a-tTA/wt;Ai93(TITL-GCaMP6f)/wt,P125,F,,uploaded,VisCodingTargetedContrast,VisCodingTargetedContrast
694867337,20180507_377151_2P2_VISpm_275um_ContrastTuning,VisCodingTargetedContrast,666839638,/allen/programs/braintv/production/neuralcoding/prod49/specimen_666839638/ophys_session_694867337/,377151,Rorb-IRES2-Cre;Camk2a-tTA;Ai93,2018-05-07 21:42:18,CAM2P.2,2018-01-09 00:00:00,Rorb-IRES2-Cre/wt;Camk2a-tTA/wt;Ai93(TITL-GCaMP6f)/wt,P129,M,,uploaded,VisCodingTargetedContrast,VisCodingTargetedContrast
695464266,20180508_377151_2P2_VISpm_275um_ContrastTuning,VisCodingTargetedContrast,666839638,/allen/programs/braintv/production/neuralcoding/prod49/specimen_666839638/ophys_session_695464266/,377151,Rorb-IRES2-Cre;Camk2a-tTA;Ai93,2018-05-08 23:21:45,CAM2P.2,2018-01-09 00:00:00,Rorb-IRES2-Cre/wt;Camk2a-tTA/wt;Ai93(TITL-GCaMP6f)/wt,P129,M,,uploaded,VisCodingTargetedContrast,VisCodingTargetedContrast
696250333,20180510_379669_TargetedContrast,VisCodingTargetedContrast,673728456,/allen/programs/braintv/production/neuralcoding/prod51/specimen_673728456/ophys_session_696250333/,379669,Ntsr1-Cre_GN220;Ai148,2018-05-10 16:41:51,CAM2P.2,2018-01-26 00:00:00,Ntsr1-Cre_GN220/wt;Ai148(TIT2L-GC6f-ICL-tTA2)/wt,P123,F,,uploaded,VisCodingTargetedContrast,VisCodingTargetedContrast
694856258,20180507_377321_2P1_VISp_275um_ContrastTuning,VisCodingTargetedContrast,664605504,/allen/programs/braintv/production/neuralcoding/prod48/specimen_664605504/ophys_session_694856258/,377321,Sst-IRES-Cre;Ai148,2018-05-07 21:29:02,CAM2P.1,2018-01-08 00:00:00,Sst-IRES-Cre/wt;Ai148(TIT2L-GC6f-ICL-tTA2)/wt,P134,M,,uploaded,VisCodingTargetedContrast,VisCodingTargetedContrast
698273667,20180516_379669_TargetedContrast,VisCodingTargetedContrast,673728456,/allen/programs/braintv/production/neuralcoding/prod51/specimen_673728456/ophys_session_698273667/,379669,Ntsr1-Cre_GN220;Ai148,2018-05-16 14:50:12,CAM2P.2,2018-01-26 00:00:00,Ntsr1-Cre_GN220/wt;Ai148(TIT2L-GC6f-ICL-tTA2)/wt,P123,F,,uploaded,VisCodingTargetedContrast,VisCodingTargetedContrast
701070416,20180523_382138_Contrast,VisCodingTargetedContrast,678653760,/allen/programs/braintv/production/neuralcoding/prod52/specimen_678653760/ophys_session_701070416/,382138,Ntsr1-Cre_GN220;Ai148,2018-05-23 16:27:07,CAM2P.2,2018-02-08 00:00:00,Ntsr1-Cre_GN220/wt;Ai148(TIT2L-GC6f-ICL-tTA2)/wt,P123,F,,uploaded,VisCodingTargetedContrast,VisCodingTargetedContrast
695640480,20180509_379348_ContrastTuning,VisCodingTargetedContrast,669165768,/allen/programs/braintv/production/neuralcoding/prod49/specimen_669165768/ophys_session_695640480/,379348,Vip-IRES-Cre;Ai148,2018-05-09 16:05:49,CAM2P.1,2018-01-24 00:00:00,Vip-IRES-Cre/wt;Ai148(TIT2L-GC6f-ICL-tTA2)/wt,P118,F,,uploaded,VisCodingTargetedContrast,VisCodingTargetedContrast
712155740,20180620_390319_VISal_175um_2P2_VCTEContrast,VisCodingTargetedContrast,699590236,/allen/programs/braintv/production/neuralcoding/prod54/specimen_699590236/ophys_session_712155740/,390319,Cux2-CreERT2;Camk2a-tTA;Ai93,2018-06-20 23:31:55,CAM2P.2,2018-03-27 00:00:00,Cux2-CreERT2/wt;Camk2a-tTA/wt;Ai93(TITL-GCaMP6f)/wt,P136,F,,uploaded,VisCodingTargetedContrast,VisCodingTargetedContrast
716532289,20180702_390319_2P2_VISam_175um_VCTEContrast,VisCodingTargetedContrast,699590236,/allen/programs/braintv/production/neuralcoding/prod54/specimen_699590236/ophys_session_716532289/,390319,Cux2-CreERT2;Camk2a-tTA;Ai93,2018-07-02 20:25:41,CAM2P.2,2018-03-27 00:00:00,Cux2-CreERT2/wt;Camk2a-tTA/wt;Ai93(TITL-GCaMP6f)/wt,P136,F,,uploaded,VisCodingTargetedContrast,VisCodingTargetedContrast
714693165,20180626_390319_VISp_175um_2P2_VCTEContrast,VisCodingTargetedContrast,699590236,/allen/programs/braintv/production/neuralcoding/prod54/specimen_699590236/ophys_session_714693165/,390319,Cux2-CreERT2;Camk2a-tTA;Ai93,2018-06-26 21:43:38,CAM2P.2,2018-03-27 00:00:00,Cux2-CreERT2/wt;Camk2a-tTA/wt;Ai93(TITL-GCaMP6f)/wt,P136,F,,uploaded,VisCodingTargetedContrast,VisCodingTargetedContrast
715157918,20180627_390319_VISp_175um_2P2_VCTEContrast,VisCodingTargetedContrast,699590236,/allen/programs/braintv/production/neuralcoding/prod54/specimen_699590236/ophys_session_715157918/,390319,Cux2-CreERT2;Camk2a-tTA;Ai93,2018-06-27 22:54:26,CAM2P.2,2018-03-27 00:00:00,Cux2-CreERT2/wt;Camk2a-tTA/wt;Ai93(TITL-GCaMP6f)/wt,P136,F,,uploaded,VisCodingTargetedContrast,VisCodingTargetedContrast
715763977,20180628_390319_2P2_VISp_175um_VCTEContrast,VisCodingTargetedContrast,699590236,/allen/programs/braintv/production/neuralcoding/prod54/specimen_699590236/ophys_session_715763977/,390319,Cux2-CreERT2;Camk2a-tTA;Ai93,2018-06-28 21:26:20,CAM2P.2,2018-03-27 00:00:00,Cux2-CreERT2/wt;Camk2a-tTA/wt;Ai93(TITL-GCaMP6f)/wt,P136,F,,uploaded,VisCodingTargetedContrast,VisCodingTargetedContrast
728188287,20180801_397000_TargetedContrast,VisCodingTargetedContrast,710318403,/allen/programs/braintv/production/neuralcoding/prod56/specimen_710318403/ophys_session_728188287/,397000,Cux2-CreERT2;Camk2a-tTA;Ai93,2018-08-01 15:11:39,CAM2P.1,2018-04-30 00:00:00,Cux2-CreERT2/wt;Camk2a-tTA/wt;Ai93(TITL-GCaMP6f)/wt,19 weeks,F,,uploaded,VisCodingTargetedContrast,VisCodingTargetedContrast
722443494,20180719_390319_2P1_VISpm_175um_VCTEContrast,VisCodingTargetedContrast,699590236,/allen/programs/braintv/production/neuralcoding/prod54/specimen_699590236/ophys_session_722443494/,390319,Cux2-CreERT2;Camk2a-tTA;Ai93,2018-07-19 21:09:32,CAM2P.1,2018-03-27 00:00:00,Cux2-CreERT2/wt;Camk2a-tTA/wt;Ai93(TITL-GCaMP6f)/wt,P136,F,,uploaded,VisCodingTargetedContrast,VisCodingTargetedContrast
720422565,20180717_389014_OpenscopeMeaningful,VisCodingTargetedContrast,697010588,/allen/programs/braintv/production/neuralcoding/prod53/specimen_697010588/ophys_session_720422565/,389014,Cux2-CreERT2;Camk2a-tTA;Ai93,2018-07-17 15:06:16,CAM2P.1,2018-03-19 00:00:00,Cux2-CreERT2/wt;Camk2a-tTA/wt;Ai93(TITL-GCaMP6f)/wt,P147,M,,uploaded,OpenScopeMeaningful,VisCodingTargetedContrast
734322185,20180810_397000_TargetContrast,VisCodingTargetedContrast,710318403,/allen/programs/braintv/production/neuralcoding/prod56/specimen_710318403/ophys_session_734322185/,397000,Cux2-CreERT2;Camk2a-tTA;Ai93,2018-08-10 14:51:15,CAM2P.1,2018-04-30 00:00:00,Cux2-CreERT2/wt;Camk2a-tTA/wt;Ai93(TITL-GCaMP6f)/wt,19 weeks,F,,uploaded,VisCodingTargetedContrast,VisCodingTargetedContrast
731095575,20180807_397000_TargetedContrast,VisCodingTargetedContrast,710318403,/allen/programs/braintv/production/neuralcoding/prod56/specimen_710318403/ophys_session_731095575/,397000,Cux2-CreERT2;Camk2a-tTA;Ai93,2018-08-07 15:09:56,CAM2P.1,2018-04-30 00:00:00,Cux2-CreERT2/wt;Camk2a-tTA/wt;Ai93(TITL-GCaMP6f)/wt,19 weeks,F,,uploaded,VisCodingTargetedContrast,VisCodingTargetedContrast
724192020,20180724_390319_VISp_175um_2P2_VCTEContrast,VisCodingTargetedContrast,699590236,/allen/programs/braintv/production/neuralcoding/prod54/specimen_699590236/ophys_session_724192020/,390319,Cux2-CreERT2;Camk2a-tTA;Ai93,2018-07-24 22:59:50,CAM2P.2,2018-03-27 00:00:00,Cux2-CreERT2/wt;Camk2a-tTA/wt;Ai93(TITL-GCaMP6f)/wt,P136,F,,uploaded,VisCodingTargetedContrast,VisCodingTargetedContrast
729970781,20180803_390319_2P2_VISp_175um_VCTEContrast,VisCodingTargetedContrast,699590236,/allen/programs/braintv/production/neuralcoding/prod54/specimen_699590236/ophys_session_729970781/,390319,Cux2-CreERT2;Camk2a-tTA;Ai93,2018-08-03 19:46:59,CAM2P.2,2018-03-27 00:00:00,Cux2-CreERT2/wt;Camk2a-tTA/wt;Ai93(TITL-GCaMP6f)/wt,P136,F,,uploaded,VisCodingTargetedContrast,VisCodingTargetedContrast
732239538,20180808_397000_TargetedContrast,VisCodingTargetedContrast,710318403,/allen/programs/braintv/production/neuralcoding/prod56/specimen_710318403/ophys_session_732239538/,397000,Cux2-CreERT2;Camk2a-tTA;Ai93,2018-08-08 15:15:14,CAM2P.1,2018-04-30 00:00:00,Cux2-CreERT2/wt;Camk2a-tTA/wt;Ai93(TITL-GCaMP6f)/wt,19 weeks,F,,uploaded,VisCodingTargetedContrast,VisCodingTargetedContrast
724712005,20180725_390319_TargetedContrast,VisCodingTargetedContrast,699590236,/allen/programs/braintv/production/neuralcoding/prod54/specimen_699590236/ophys_session_724712005/,390319,Cux2-CreERT2;Camk2a-tTA;Ai93,2018-07-25 20:21:47,CAM2P.2,2018-03-27 00:00:00,Cux2-CreERT2/wt;Camk2a-tTA/wt;Ai93(TITL-GCaMP6f)/wt,P136,F,,uploaded,VisCodingTargetedContrast,VisCodingTargetedContrast
727153911,20180730_390319_VISp_175um_2P2_VCTEContrast,VisCodingTargetedContrast,699590236,/allen/programs/braintv/production/neuralcoding/prod54/specimen_699590236/ophys_session_727153911/,390319,Cux2-CreERT2;Camk2a-tTA;Ai93,2018-07-30 21:01:37,CAM2P.2,2018-03-27 00:00:00,Cux2-CreERT2/wt;Camk2a-tTA/wt;Ai93(TITL-GCaMP6f)/wt,P136,F,,uploaded,VisCodingTargetedContrast,VisCodingTargetedContrast
750551095,20180911_407302_TargetContrast,VisCodingTargetedContrast,726138104,/allen/programs/braintv/production/neuralcoding/prod58/specimen_726138104/ophys_session_750551095/,407302,Rbp4-Cre_KL100;Camk2a-tTA;Ai93,2018-09-11 14:46:14,CAM2P.1,2018-06-20 00:00:00,Rbp4-Cre_KL100/wt;Camk2a-tTA/wt;Ai93(TITL-GCaMP6f)/wt,P110,F,,uploaded,VisCodingTargetedContrast,VisCodingTargetedContrast
750900420,20180912_407302_TargetContrast,VisCodingTargetedContrast,726138104,/allen/programs/braintv/production/neuralcoding/prod58/specimen_726138104/ophys_session_750900420/,407302,Rbp4-Cre_KL100;Camk2a-tTA;Ai93,2018-09-12 15:14:49,CAM2P.1,2018-06-20 00:00:00,Rbp4-Cre_KL100/wt;Camk2a-tTA/wt;Ai93(TITL-GCaMP6f)/wt,P110,F,,uploaded,VisCodingTargetedContrast,VisCodingTargetedContrast
756102026,20180920_402698_2P2_VISam_175um_VCTEContrast,VisCodingTargetedContrast,727126845,/allen/programs/braintv/production/neuralcoding/prod58/specimen_727126845/ophys_session_756102026/,402698,Cux2-CreERT2;Camk2a-tTA;Ai93,2018-09-20 22:12:22,CAM2P.2,2018-05-29 00:00:00,Cux2-CreERT2/wt;Camk2a-tTA/wt;Ai93(TITL-GCaMP6f)/wt,P132,F,,uploaded,VisCodingTargetedContrast,VisCodingTargetedContrast
755605536,20180919_402698_2P2_VISal_175um_VCTEContrast,VisCodingTargetedContrast,727126845,/allen/programs/braintv/production/neuralcoding/prod58/specimen_727126845/ophys_session_755605536/,402698,Cux2-CreERT2;Camk2a-tTA;Ai93,2018-09-19 22:29:59,CAM2P.2,2018-05-29 00:00:00,Cux2-CreERT2/wt;Camk2a-tTA/wt;Ai93(TITL-GCaMP6f)/wt,P132,F,,uploaded,VisCodingTargetedContrast,VisCodingTargetedContrast
756685538,20180921_402698_2P2_VISp_175um_VCTEContrast,VisCodingTargetedContrast,727126845,/allen/programs/braintv/production/neuralcoding/prod58/specimen_727126845/ophys_session_756685538/,402698,Cux2-CreERT2;Camk2a-tTA;Ai93,2018-09-21 22:31:49,CAM2P.2,2018-05-29 00:00:00,Cux2-CreERT2/wt;Camk2a-tTA/wt;Ai93(TITL-GCaMP6f)/wt,P132,F,,uploaded,VisCodingTargetedContrast,VisCodingTargetedContrast
757577339,20180924_402698_2P2_VISp_175um_VCTEContrast,VisCodingTargetedContrast,727126845,/allen/programs/braintv/production/neuralcoding/prod58/specimen_727126845/ophys_session_757577339/,402698,Cux2-CreERT2;Camk2a-tTA;Ai93,2018-09-24 23:56:54,CAM2P.2,2018-05-29 00:00:00,Cux2-CreERT2/wt;Camk2a-tTA/wt;Ai93(TITL-GCaMP6f)/wt,P132,F,,uploaded,VisCodingTargetedContrast,VisCodingTargetedContrast
758174708,20180925_402698_2P2_VISrl_175um_VCTEContrast,VisCodingTargetedContrast,727126845,/allen/programs/braintv/production/neuralcoding/prod58/specimen_727126845/ophys_session_758174708/,402698,Cux2-CreERT2;Camk2a-tTA;Ai93,2018-09-25 22:51:06,CAM2P.2,2018-05-29 00:00:00,Cux2-CreERT2/wt;Camk2a-tTA/wt;Ai93(TITL-GCaMP6f)/wt,P132,F,,uploaded,VisCodingTargetedContrast,VisCodingTargetedContrast
759993898,20181002_402698_VCTEContrast,VisCodingTargetedContrast,727126845,/allen/programs/braintv/production/neuralcoding/prod58/specimen_727126845/ophys_session_759993898/,402698,Cux2-CreERT2;Camk2a-tTA;Ai93,2018-10-02 21:13:11,CAM2P.2,2018-05-29 00:00:00,Cux2-CreERT2/wt;Camk2a-tTA/wt;Ai93(TITL-GCaMP6f)/wt,P132,F,,uploaded,VisCodingTargetedContrast,VisCodingTargetedContrast
764175792,20181016_413747_TargetContrast,VisCodingTargetedContrast,746910369,/allen/programs/braintv/production/neuralcoding/prod58/specimen_746910369/ophys_session_764175792/,413747,Cux2-CreERT2;Camk2a-tTA;Ai93,2018-10-16 15:08:14,CAM2P.2,2018-07-24 00:00:00,Cux2-CreERT2/wt;Camk2a-tTA/wt;Ai93(TITL-GCaMP6f)/wt,P115,F,,uploaded,VisCodingTargetedContrast,VisCodingTargetedContrast
764182166,20181016_413743_TargetContrast,VisCodingTargetedContrast,746926904,/allen/programs/braintv/production/neuralcoding/prod58/specimen_746926904/ophys_session_764182166/,413743,Cux2-CreERT2;Camk2a-tTA;Ai93,2018-10-16 15:40:00,CAM2P.1,2018-07-24 00:00:00,Cux2-CreERT2/wt;Camk2a-tTA/wt;Ai93(TITL-GCaMP6f)/wt,P115,M,,uploaded,VisCodingTargetedContrast,VisCodingTargetedContrast
765019765,20181018_413743_TargetContrast,VisCodingTargetedContrast,746926904,/allen/programs/braintv/production/neuralcoding/prod58/specimen_746926904/ophys_session_765019765/,413743,Cux2-CreERT2;Camk2a-tTA;Ai93,2018-10-18 15:07:38,CAM2P.1,2018-07-24 00:00:00,Cux2-CreERT2/wt;Camk2a-tTA/wt;Ai93(TITL-GCaMP6f)/wt,P115,M,,uploaded,VisCodingTargetedContrast,VisCodingTargetedContrast
775335881,20181108_414202_Contrast,VisCodingTargetedContrast,759066288,/allen/programs/braintv/production/neuralcoding/prod59/specimen_759066288/ophys_session_775335881/,414202,Sst-IRES-Cre;Ai148,2018-11-08 19:21:07,CAM2P.2,2018-07-27 00:00:00,Sst-IRES-Cre/wt;Ai148(TIT2L-GC6f-ICL-tTA2)/wt,P146,M,,uploaded,VisCodingTargetedContrast,VisCodingTargetedContrast
764555173,20181017_413743_TargetContrast,VisCodingTargetedContrast,746926904,/allen/programs/braintv/production/neuralcoding/prod58/specimen_746926904/ophys_session_764555173/,413743,Cux2-CreERT2;Camk2a-tTA;Ai93,2018-10-17 15:16:27,CAM2P.1,2018-07-24 00:00:00,Cux2-CreERT2/wt;Camk2a-tTA/wt;Ai93(TITL-GCaMP6f)/wt,P115,M,,uploaded,VisCodingTargetedContrast,VisCodingTargetedContrast
764554525,20181017_413747_TargetContrast,VisCodingTargetedContrast,746910369,/allen/programs/braintv/production/neuralcoding/prod58/specimen_746910369/ophys_session_764554525/,413747,Cux2-CreERT2;Camk2a-tTA;Ai93,2018-10-17 15:04:24,CAM2P.2,2018-07-24 00:00:00,Cux2-CreERT2/wt;Camk2a-tTA/wt;Ai93(TITL-GCaMP6f)/wt,P115,F,,uploaded,VisCodingTargetedContrast,VisCodingTargetedContrast
767455758,20181024_413743_TargetContrast,VisCodingTargetedContrast,746926904,/allen/programs/braintv/production/neuralcoding/prod58/specimen_746926904/ophys_session_767455758/,413743,Cux2-CreERT2;Camk2a-tTA;Ai93,2018-10-24 15:11:27,CAM2P.1,2018-07-24 00:00:00,Cux2-CreERT2/wt;Camk2a-tTA/wt;Ai93(TITL-GCaMP6f)/wt,P115,M,,uploaded,VisCodingTargetedContrast,VisCodingTargetedContrast
773643161,20181105_414202_contrast,VisCodingTargetedContrast,759066288,/allen/programs/braintv/production/neuralcoding/prod59/specimen_759066288/ophys_session_773643161/,414202,Sst-IRES-Cre;Ai148,2018-11-05 21:04:11,CAM2P.2,2018-07-27 00:00:00,Sst-IRES-Cre/wt;Ai148(TIT2L-GC6f-ICL-tTA2)/wt,P146,M,,uploaded,VisCodingTargetedContrast,VisCodingTargetedContrast
763196272,20181012_412938_VCTEContrast,VisCodingTargetedContrast,745634050,/allen/programs/braintv/production/neuralcoding/prod58/specimen_745634050/ophys_session_763196272/,412938,Cux2-CreERT2;Camk2a-tTA;Ai93,2018-10-12 19:56:58,CAM2P.2,2018-07-18 00:00:00,Cux2-CreERT2/wt;Camk2a-tTA/wt;Ai93(TITL-GCaMP6f)/wt,P121,F,,uploaded,VisCodingTargetedContrast,VisCodingTargetedContrast
768253835,20181025_413743_TargetContrast,VisCodingTargetedContrast,746926904,/allen/programs/braintv/production/neuralcoding/prod58/specimen_746926904/ophys_session_768253835/,413743,Cux2-CreERT2;Camk2a-tTA;Ai93,2018-10-25 15:33:05,CAM2P.1,2018-07-24 00:00:00,Cux2-CreERT2/wt;Camk2a-tTA/wt;Ai93(TITL-GCaMP6f)/wt,P115,M,,uploaded,VisCodingTargetedContrast,VisCodingTargetedContrast
762656639,20181011_412938_VCTEContrast,VisCodingTargetedContrast,745634050,/allen/programs/braintv/production/neuralcoding/prod58/specimen_745634050/ophys_session_762656639/,412938,Cux2-CreERT2;Camk2a-tTA;Ai93,2018-10-11 20:10:34,CAM2P.2,2018-07-18 00:00:00,Cux2-CreERT2/wt;Camk2a-tTA/wt;Ai93(TITL-GCaMP6f)/wt,P121,F,,uploaded,VisCodingTargetedContrast,VisCodingTargetedContrast
768606677,20181025_414035_Contrast,VisCodingTargetedContrast,754469470,/allen/programs/braintv/production/neuralcoding/prod58/specimen_754469470/ophys_session_768606677/,414035,Ntsr1-Cre_GN220;Ai148,2018-10-25 19:02:04,CAM2P.2,2018-07-26 00:00:00,Ntsr1-Cre_GN220/wt;Ai148(TIT2L-GC6f-ICL-tTA2)/wt,P132,F,,uploaded,VisCodingTargetedContrast,VisCodingTargetedContrast
772613825,20181101_414205_contrast,VisCodingTargetedContrast,760696809,/allen/programs/braintv/production/neuralcoding/prod59/specimen_760696809/ophys_session_772613825/,414205,Sst-IRES-Cre;Ai148,2018-11-02 20:13:28,CAM2P.2,2018-07-27 00:00:00,Sst-IRES-Cre/wt;Ai148(TIT2L-GC6f-ICL-tTA2)/wt,16 wks,F,,uploaded,VisCodingTargetedContrast,VisCodingTargetedContrast
769811903,20181029_414035_Contrast,VisCodingTargetedContrast,754469470,/allen/programs/braintv/production/neuralcoding/prod58/specimen_754469470/ophys_session_769811903/,414035,Ntsr1-Cre_GN220;Ai148,2018-10-29 19:53:09,CAM2P.2,2018-07-26 00:00:00,Ntsr1-Cre_GN220/wt;Ai148(TIT2L-GC6f-ICL-tTA2)/wt,P132,F,,uploaded,VisCodingTargetedContrast,VisCodingTargetedContrast
770235078,20181030_414205_Contrast,VisCodingTargetedContrast,760696809,/allen/programs/braintv/production/neuralcoding/prod59/specimen_760696809/ophys_session_770235078/,414205,Sst-IRES-Cre;Ai148,2018-10-30 19:35:22,CAM2P.1,2018-07-27 00:00:00,Sst-IRES-Cre/wt;Ai148(TIT2L-GC6f-ICL-tTA2)/wt,16 wks,F,,uploaded,VisCodingTargetedContrast,VisCodingTargetedContrast
771154155,20181031_414205_Contrast,VisCodingTargetedContrast,760696809,/allen/programs/braintv/production/neuralcoding/prod59/specimen_760696809/ophys_session_771154155/,414205,Sst-IRES-Cre;Ai148,2018-10-31 19:48:14,CAM2P.2,2018-07-27 00:00:00,Sst-IRES-Cre/wt;Ai148(TIT2L-GC6f-ICL-tTA2)/wt,16 wks,F,,uploaded,VisCodingTargetedContrast,VisCodingTargetedContrast
774835587,20181107_414202_Contrast,VisCodingTargetedContrast,759066288,/allen/programs/braintv/production/neuralcoding/prod59/specimen_759066288/ophys_session_774835587/,414202,Sst-IRES-Cre;Ai148,2018-11-07 20:38:44,CAM2P.2,2018-07-27 00:00:00,Sst-IRES-Cre/wt;Ai148(TIT2L-GC6f-ICL-tTA2)/wt,P146,M,,uploaded,VisCodingTargetedContrast,VisCodingTargetedContrast
774223572,20181106_414202_contrast,VisCodingTargetedContrast,759066288,/allen/programs/braintv/production/neuralcoding/prod59/specimen_759066288/ophys_session_774223572/,414202,Sst-IRES-Cre;Ai148,2018-11-06 19:51:18,CAM2P.2,2018-07-27 00:00:00,Sst-IRES-Cre/wt;Ai148(TIT2L-GC6f-ICL-tTA2)/wt,P146,M,,uploaded,VisCodingTargetedContrast,VisCodingTargetedContrast
770236738,20181030_414035_Contrast,VisCodingTargetedContrast,754469470,/allen/programs/braintv/production/neuralcoding/prod58/specimen_754469470/ophys_session_770236738/,414035,Ntsr1-Cre_GN220;Ai148,2018-10-30 19:57:27,CAM2P.2,2018-07-26 00:00:00,Ntsr1-Cre_GN220/wt;Ai148(TIT2L-GC6f-ICL-tTA2)/wt,P132,F,,uploaded,VisCodingTargetedContrast,VisCodingTargetedContrast
774367386,20181106_414205_contrast,VisCodingTargetedContrast,760696809,/allen/programs/braintv/production/neuralcoding/prod59/specimen_760696809/ophys_session_774367386/,414205,Sst-IRES-Cre;Ai148,2018-11-06 22:58:55,CAM2P.2,2018-07-27 00:00:00,Sst-IRES-Cre/wt;Ai148(TIT2L-GC6f-ICL-tTA2)/wt,16 wks,F,,uploaded,VisCodingTargetedContrast,VisCodingTargetedContrast
775405015,20181108_414205_contrast,VisCodingTargetedContrast,760696809,/allen/programs/braintv/production/neuralcoding/prod59/specimen_760696809/ophys_session_775405015/,414205,Sst-IRES-Cre;Ai148,2018-11-08 21:22:38,CAM2P.2,2018-07-27 00:00:00,Sst-IRES-Cre/wt;Ai148(TIT2L-GC6f-ICL-tTA2)/wt,16 wks,F,,uploaded,VisCodingTargetedContrast,VisCodingTargetedContrast
804714847,20190107_423245_TFxSF,VisCodingTargetedContrast,772649832,/allen/programs/braintv/production/neuralcoding/prod60/specimen_772649832/ophys_session_804714847/,423245,Cux2-CreERT2;Camk2a-tTA;Ai93(NC),2019-01-07 17:56:28,CAM2P.2,2018-09-13 00:00:00,Cux2-CreERT2/wt;Camk2a-tTA/wt;Ai93(TITL-GCaMP6f)/wt,P123,M,,uploaded,VisCodingTargetedContrast,VisCodingTargetedContrast
776093851,20181109_414205_Contrast,VisCodingTargetedContrast,760696809,/allen/programs/braintv/production/neuralcoding/prod59/specimen_760696809/ophys_session_776093851/,414205,Sst-IRES-Cre;Ai148,2018-11-09 22:13:42,CAM2P.2,2018-07-27 00:00:00,Sst-IRES-Cre/wt;Ai148(TIT2L-GC6f-ICL-tTA2)/wt,16 wks,F,,uploaded,VisCodingTargetedContrast,VisCodingTargetedContrast
777180518,20181112_414202_Contrast,VisCodingTargetedContrast,759066288,/allen/programs/braintv/production/neuralcoding/prod59/specimen_759066288/ophys_session_777180518/,414202,Sst-IRES-Cre;Ai148,2018-11-12 20:37:13,CAM2P.2,2018-07-27 00:00:00,Sst-IRES-Cre/wt;Ai148(TIT2L-GC6f-ICL-tTA2)/wt,P146,M,,uploaded,VisCodingTargetedContrast,VisCodingTargetedContrast
783998921,20181121_421062_Contrast,VisCodingTargetedContrast,760984688,/allen/programs/braintv/production/neuralcoding/prod59/specimen_760984688/ophys_session_783998921/,421062,Sst-IRES-Cre;Ai148,2018-11-21 17:57:21,CAM2P.2,2018-08-31 00:00:00,Sst-IRES-Cre/wt;Ai148(TIT2L-GC6f-ICL-tTA2)/wt,P115,F,,uploaded,VisCodingTargetedContrast,VisCodingTargetedContrast
785890660,20181127_421062_Contrast,VisCodingTargetedContrast,760984688,/allen/programs/braintv/production/neuralcoding/prod59/specimen_760984688/ophys_session_785890660/,421062,Sst-IRES-Cre;Ai148,2018-11-27 17:53:49,CAM2P.2,2018-08-31 00:00:00,Sst-IRES-Cre/wt;Ai148(TIT2L-GC6f-ICL-tTA2)/wt,P115,F,,uploaded,VisCodingTargetedContrast,VisCodingTargetedContrast
784372428,20181121_421061_VISal_2P2_255um_VCTEcontrast,VisCodingTargetedContrast,760933183,/allen/programs/braintv/production/neuralcoding/prod59/specimen_760933183/ophys_session_784372428/,421061,Sst-IRES-Cre;Ai148,2018-11-21 23:42:48,CAM2P.2,2018-08-31 00:00:00,Sst-IRES-Cre/wt;Ai148(TIT2L-GC6f-ICL-tTA2)/wt,P136,F,,uploaded,VisCodingTargetedContrast,VisCodingTargetedContrast
788395529,20181129_421061_VISp_2P2_250um_VCTEcontrast,VisCodingTargetedContrast,760933183,/allen/programs/braintv/production/neuralcoding/prod59/specimen_760933183/ophys_session_788395529/,421061,Sst-IRES-Cre;Ai148,2018-11-29 23:50:39,CAM2P.2,2018-08-31 00:00:00,Sst-IRES-Cre/wt;Ai148(TIT2L-GC6f-ICL-tTA2)/wt,P136,F,,uploaded,VisCodingTargetedContrast,VisCodingTargetedContrast
787336135,20181128_421061_VISpm_2P2_275um_VCTEcontrast,VisCodingTargetedContrast,760933183,/allen/programs/braintv/production/neuralcoding/prod59/specimen_760933183/ophys_session_787336135/,421061,Sst-IRES-Cre;Ai148,2018-11-29 01:03:33,CAM2P.2,2018-08-31 00:00:00,Sst-IRES-Cre/wt;Ai148(TIT2L-GC6f-ICL-tTA2)/wt,P136,F,,uploaded,VisCodingTargetedContrast,VisCodingTargetedContrast
782956726,20181120_421062_contrast,VisCodingTargetedContrast,760984688,/allen/programs/braintv/production/neuralcoding/prod59/specimen_760984688/ophys_session_782956726/,421062,Sst-IRES-Cre;Ai148,2018-11-20 17:30:53,CAM2P.2,2018-08-31 00:00:00,Sst-IRES-Cre/wt;Ai148(TIT2L-GC6f-ICL-tTA2)/wt,P115,F,,uploaded,VisCodingTargetedContrast,VisCodingTargetedContrast
783618264,20181120_421061_VISal_2P2_275um_VCTEcontrast,VisCodingTargetedContrast,760933183,/allen/programs/braintv/production/neuralcoding/prod59/specimen_760933183/ophys_session_783618264/,421061,Sst-IRES-Cre;Ai148,2018-11-21 01:32:54,CAM2P.2,2018-08-31 00:00:00,Sst-IRES-Cre/wt;Ai148(TIT2L-GC6f-ICL-tTA2)/wt,P136,F,,uploaded,VisCodingTargetedContrast,VisCodingTargetedContrast
793874958,20181212_421060_TargetContrast,VisCodingTargetedContrast,760940732,/allen/programs/braintv/production/neuralcoding/prod59/specimen_760940732/ophys_session_793874958/,421060,Sst-IRES-Cre;Ai148,2018-12-12 16:07:40,CAM2P.1,2018-08-31 00:00:00,Sst-IRES-Cre/wt;Ai148(TIT2L-GC6f-ICL-tTA2)/wt,P136,F,,uploaded,VisCodingTargetedContrast,VisCodingTargetedContrast
791869626,20181207_422893_VISp_175um_2P2_Contrast,VisCodingTargetedContrast,769316535,/allen/programs/braintv/production/neuralcoding/prod60/specimen_769316535/ophys_session_791869626/,422893,Cux2-CreERT2;Camk2a-tTA;Ai93,2018-12-07 22:55:34,CAM2P.2,2018-09-11 00:00:00,Cux2-CreERT2/wt;Camk2a-tTA/wt;Ai93(TITL-GCaMP6f)/wt,P132,F,,uploaded,VisCodingTargetedContrast,VisCodingTargetedContrast
789270340,20181130_421061_VISal_2P2_275um_VCTEcontrast,VisCodingTargetedContrast,760933183,/allen/programs/braintv/production/neuralcoding/prod59/specimen_760933183/ophys_session_789270340/,421061,Sst-IRES-Cre;Ai148,2018-12-01 00:29:44,CAM2P.1,2018-08-31 00:00:00,Sst-IRES-Cre/wt;Ai148(TIT2L-GC6f-ICL-tTA2)/wt,P136,F,,uploaded,VisCodingTargetedContrast,VisCodingTargetedContrast
785568931,20181126_421061_VISp_2P2_285um_VCTEcontrast,VisCodingTargetedContrast,760933183,/allen/programs/braintv/production/neuralcoding/prod59/specimen_760984688/ophys_session_785568931/,421061,Sst-IRES-Cre;Ai148,2018-11-27 01:32:50,CAM2P.2,2018-08-31 00:00:00,Sst-IRES-Cre/wt;Ai148(TIT2L-GC6f-ICL-tTA2)/wt,P136,F,,uploaded,VisCodingTargetedContrast,VisCodingTargetedContrast
802473591,20190102_422893_VISal_175um_2P2_Contrast,VisCodingTargetedContrast,769316535,/allen/programs/braintv/production/neuralcoding/prod60/specimen_769316535/ophys_session_802473591/,422893,Cux2-CreERT2;Camk2a-tTA;Ai93,2019-01-02 22:02:05,CAM2P.1,2018-09-11 00:00:00,Cux2-CreERT2/wt;Camk2a-tTA/wt;Ai93(TITL-GCaMP6f)/wt,P132,F,,uploaded,VisCodingTargetedContrast,VisCodingTargetedContrast
802941425,20190103_423244_contrast,VisCodingTargetedContrast,772656187,/allen/programs/braintv/production/neuralcoding/prod60/specimen_772656187/ophys_session_802941425/,423244,Cux2-CreERT2;Camk2a-tTA;Ai93(NC),2019-01-03 18:11:15,CAM2P.1,2018-09-13 00:00:00,Cux2-CreERT2/wt;Camk2a-tTA/wt;Ai93(TITL-GCaMP6f)/wt,P123,M,,uploaded,VisCodingTargetedContrast,VisCodingTargetedContrast
785370795,20181126_421062_contrast,VisCodingTargetedContrast,760984688,/allen/programs/braintv/production/neuralcoding/prod59/specimen_760984688/ophys_session_785370795/,421062,Sst-IRES-Cre;Ai148,2018-11-26 17:46:44,CAM2P.2,2018-08-31 00:00:00,Sst-IRES-Cre/wt;Ai148(TIT2L-GC6f-ICL-tTA2)/wt,P115,F,,uploaded,VisCodingTargetedContrast,VisCodingTargetedContrast
788605284,20181130_422019_TargetContrast,VisCodingTargetedContrast,765991985,/allen/programs/braintv/production/neuralcoding/prod59/specimen_765991985/ophys_session_788605284/,422019,Cux2-CreERT2;Camk2a-tTA;Ai93,2018-11-30 16:12:32,CAM2P.2,2018-09-06 00:00:00,Cux2-CreERT2/wt;Camk2a-CreERT2/wt;Ai93(TITL-GCaMP6f)/wt,P109,M,,uploaded,VisCodingTargetedContrast,VisCodingTargetedContrast
786284976,20181127_421061_VISp_2P2_250um_VCTEcontrast,VisCodingTargetedContrast,760933183,/allen/programs/braintv/production/neuralcoding/prod59/specimen_760933183/ophys_session_786284976/,421061,Sst-IRES-Cre;Ai148,2018-11-27 23:42:07,CAM2P.2,2018-08-31 00:00:00,Sst-IRES-Cre/wt;Ai148(TIT2L-GC6f-ICL-tTA2)/wt,P136,F,,uploaded,VisCodingTargetedTFxSF,VisCodingTargetedContrast
787891349,20181129_421062_contrast,VisCodingTargetedContrast,760984688,/allen/programs/braintv/production/neuralcoding/prod59/specimen_760984688/ophys_session_787891349/,421062,Sst-IRES-Cre;Ai148,2018-11-29 17:50:12,CAM2P.2,2018-08-31 00:00:00,Sst-IRES-Cre/wt;Ai148(TIT2L-GC6f-ICL-tTA2)/wt,P115,F,,uploaded,VisCodingTargetedContrast,VisCodingTargetedContrast
786831938,20181128_421062_Contrast,VisCodingTargetedContrast,760984688,/allen/programs/braintv/production/neuralcoding/prod59/specimen_760984688/ophys_session_786831938/,421062,Sst-IRES-Cre;Ai148,2018-11-28 17:49:11,CAM2P.2,2018-08-31 00:00:00,Sst-IRES-Cre/wt;Ai148(TIT2L-GC6f-ICL-tTA2)/wt,P115,F,,uploaded,VisCodingTargetedContrast,VisCodingTargetedContrast
797016848,20181217_422893_VISpm_175um_2P2_Contrast,VisCodingTargetedContrast,769316535,/allen/programs/braintv/production/neuralcoding/prod60/specimen_769316535/ophys_session_797016848/,422893,Cux2-CreERT2;Camk2a-tTA;Ai93,2018-12-17 22:35:46,CAM2P.2,2018-09-11 00:00:00,Cux2-CreERT2/wt;Camk2a-tTA/wt;Ai93(TITL-GCaMP6f)/wt,P132,F,,uploaded,VisCodingTargetedContrast,VisCodingTargetedContrast
792319003,20181210_421060_TargetContrast,VisCodingTargetedContrast,760940732,/allen/programs/braintv/production/neuralcoding/prod59/specimen_760940732/ophys_session_792319003/,421060,Sst-IRES-Cre;Ai148,2018-12-10 16:25:27,CAM2P.1,2018-08-31 00:00:00,Sst-IRES-Cre/wt;Ai148(TIT2L-GC6f-ICL-tTA2)/wt,P136,F,,uploaded,VisCodingTargetedContrast,VisCodingTargetedContrast
791556785,20181207_421060_TargetContrast,VisCodingTargetedContrast,760940732,/allen/programs/braintv/production/neuralcoding/prod59/specimen_760940732/ophys_session_791556785/,421060,Sst-IRES-Cre;Ai148,2018-12-07 16:26:27,CAM2P.1,2018-08-31 00:00:00,Sst-IRES-Cre/wt;Ai148(TIT2L-GC6f-ICL-tTA2)/wt,P136,F,,uploaded,VisCodingTargetedContrast,VisCodingTargetedContrast
806050255,20190109_423242_contrast,VisCodingTargetedContrast,772622312,/allen/programs/braintv/production/neuralcoding/prod60/specimen_772622312/ophys_session_806050255/,423242,Cux2-CreERT2;Camk2a-tTA;Ai93(NC),2019-01-09 19:05:23,CAM2P.1,2018-09-13 00:00:00,Cux2-CreERT2/wt;Camk2a-tTA/wt;Ai93(TITL-GCaMP6f)/wt,P130,M,,uploaded,VisCodingTargetedContrast,VisCodingTargetedContrast
802500210,20190102_423244_contrast,VisCodingTargetedContrast,772656187,/allen/programs/braintv/production/neuralcoding/prod60/specimen_772656187/ophys_session_802500210/,423244,Cux2-CreERT2;Camk2a-tTA;Ai93(NC),2019-01-02 22:53:17,CAM2P.2,2018-09-13 00:00:00,Cux2-CreERT2/wt;Camk2a-tTA/wt;Ai93(TITL-GCaMP6f)/wt,P123,M,,uploaded,VisCodingTargetedContrast,VisCodingTargetedContrast
803232810,20190104_423245_Contrast,VisCodingTargetedContrast,772649832,/allen/programs/braintv/production/neuralcoding/prod60/specimen_772649832/ophys_session_803232810/,423245,Cux2-CreERT2;Camk2a-tTA;Ai93(NC),2019-01-04 17:00:06,CAM2P.2,2018-09-13 00:00:00,Cux2-CreERT2/wt;Camk2a-tTA/wt;Ai93(TITL-GCaMP6f)/wt,P123,M,,uploaded,VisCodingTargetedContrast,VisCodingTargetedContrast
800171732,20181221_423244_contrast,VisCodingTargetedContrast,772656187,/allen/programs/braintv/production/neuralcoding/prod60/specimen_772656187/ophys_session_800171732/,423244,Cux2-CreERT2;Camk2a-tTA;Ai93(NC),2018-12-21 17:16:21,CAM2P.1,2018-09-13 00:00:00,Cux2-CreERT2/wt;Camk2a-tTA/wt;Ai93(TITL-GCaMP6f)/wt,P123,M,,uploaded,VisCodingTargetedContrast,VisCodingTargetedContrast
794323004,20181212_422893_VISal_175um_2P2_Contrast,VisCodingTargetedContrast,769316535,/allen/programs/braintv/production/neuralcoding/prod60/specimen_769316535/ophys_session_794323004/,422893,Cux2-CreERT2;Camk2a-tTA;Ai93,2018-12-13 00:26:23,CAM2P.2,2018-09-11 00:00:00,Cux2-CreERT2/wt;Camk2a-tTA/wt;Ai93(TITL-GCaMP6f)/wt,P132,F,,uploaded,VisCodingTargetedContrast,VisCodingTargetedContrast
799883837,20181220_422893_Contrast,VisCodingTargetedContrast,769316535,/allen/programs/braintv/production/neuralcoding/prod60/specimen_769316535/ophys_session_799883837/,422893,Cux2-CreERT2;Camk2a-tTA;Ai93,2018-12-20 21:23:51,CAM2P.2,2018-09-11 00:00:00,Cux2-CreERT2/wt;Camk2a-tTA/wt;Ai93(TITL-GCaMP6f)/wt,P132,F,,uploaded,VisCodingTargetedContrast,VisCodingTargetedContrast
790243253,20181204_421062_contrast,VisCodingTargetedContrast,760984688,/allen/programs/braintv/production/neuralcoding/prod59/specimen_760984688/ophys_session_790243253/,421062,Sst-IRES-Cre;Ai148,2018-12-04 17:54:54,CAM2P.2,2018-08-31 00:00:00,Sst-IRES-Cre/wt;Ai148(TIT2L-GC6f-ICL-tTA2)/wt,P115,F,,uploaded,VisCodingTargetedContrast,VisCodingTargetedContrast
789682189,20181203_422019_TargetCotrast,VisCodingTargetedContrast,765991985,/allen/programs/braintv/production/neuralcoding/prod59/specimen_765991985/ophys_session_789682189/,422019,Cux2-CreERT2;Camk2a-tTA;Ai93,2018-12-03 16:02:36,CAM2P.2,2018-09-06 00:00:00,Cux2-CreERT2/wt;Camk2a-CreERT2/wt;Ai93(TITL-GCaMP6f)/wt,P109,M,,uploaded,VisCodingTargetedContrast,VisCodingTargetedContrast
789877828,20181203_421586_contrast,VisCodingTargetedContrast,763247322,/allen/programs/braintv/production/neuralcoding/prod59/specimen_763247322/ophys_session_789877828/,421586,Sst-IRES-Cre;Ai148,2018-12-03 18:11:35,CAM2P.1,2018-09-04 00:00:00,Sst-IRES-Cre/wt;Ai148(TIT2L-GC6f-ICL-tTA2)/wt,P108,M,,uploaded,VisCodingTargetedContrast,VisCodingTargetedContrast
790078838,20181203_421061_VISpm_2P2_275um_VCTEcontrast,VisCodingTargetedContrast,760933183,/allen/programs/braintv/production/neuralcoding/prod59/specimen_760933183/ophys_session_790078838/,421061,Sst-IRES-Cre;Ai148,2018-12-04 01:57:59,CAM2P.1,2018-08-31 00:00:00,Sst-IRES-Cre/wt;Ai148(TIT2L-GC6f-ICL-tTA2)/wt,P136,F,,uploaded,VisCodingTargetedContrast,VisCodingTargetedContrast
790073891,20181203_421590_2P2_VISpm_265um_Contrast,VisCodingTargetedContrast,763248171,/allen/programs/braintv/production/neuralcoding/prod59/specimen_763248171/ophys_session_790073891/,421590,Sst-IRES-Cre;Ai148,2018-12-04 01:38:10,CAM2P.2,2018-09-04 00:00:00,Sst-IRES-Cre/wt;Ai148(TIT2L-GC6f-ICL-tTA2)/wt,P132,F,,uploaded,VisCodingTargetedContrast,VisCodingTargetedContrast
790632329,20181204_421061_VISlm_2P2_275um_VCTEcontrast,VisCodingTargetedContrast,760933183,/allen/programs/braintv/production/neuralcoding/prod59/specimen_760933183/ophys_session_790632329/,421061,Sst-IRES-Cre;Ai148,2018-12-05 02:20:42,CAM2P.1,2018-08-31 00:00:00,Sst-IRES-Cre/wt;Ai148(TIT2L-GC6f-ICL-tTA2)/wt,P136,F,,uploaded,VisCodingTargetedContrast,VisCodingTargetedContrast
790232809,20181204_422019_TargetContrast,VisCodingTargetedContrast,765991985,/allen/programs/braintv/production/neuralcoding/prod59/specimen_765991985/ophys_session_790232809/,422019,Cux2-CreERT2;Camk2a-tTA;Ai93,2018-12-04 16:13:51,CAM2P.2,2018-09-06 00:00:00,Cux2-CreERT2/wt;Camk2a-CreERT2/wt;Ai93(TITL-GCaMP6f)/wt,P109,M,,uploaded,VisCodingTargetedContrast,VisCodingTargetedContrast
795892214,20181213_422893_VISpm_175um_2P2_Contrast,VisCodingTargetedContrast,769316535,/allen/programs/braintv/production/neuralcoding/prod60/specimen_769316535/ophys_session_795892214/,422893,Cux2-CreERT2;Camk2a-tTA;Ai93,2018-12-15 00:40:04,CAM2P.2,2018-09-11 00:00:00,Cux2-CreERT2/wt;Camk2a-tTA/wt;Ai93(TITL-GCaMP6f)/wt,P132,F,,uploaded,VisCodingTargetedContrast,VisCodingTargetedContrast
790636906,20181204_422893_VISp_175um_2P2_Contrast,VisCodingTargetedContrast,769316535,/allen/programs/braintv/production/neuralcoding/prod60/specimen_769316535/ophys_session_790636906/,422893,Cux2-CreERT2;Camk2a-tTA;Ai93,2018-12-05 02:40:58,CAM2P.2,2018-09-11 00:00:00,Cux2-CreERT2/wt;Camk2a-tTA/wt;Ai93(TITL-GCaMP6f)/wt,P132,F,,uploaded,VisCodingTargetedContrast,VisCodingTargetedContrast
790807555,20181205_422019_TargetContrast,VisCodingTargetedContrast,765991985,/allen/programs/braintv/production/neuralcoding/prod59/specimen_765991985/ophys_session_790807555/,422019,Cux2-CreERT2;Camk2a-tTA;Ai93,2018-12-05 15:58:51,CAM2P.2,2018-09-06 00:00:00,Cux2-CreERT2/wt;Camk2a-CreERT2/wt;Ai93(TITL-GCaMP6f)/wt,P109,M,,uploaded,VisCodingTargetedContrast,VisCodingTargetedContrast
794971808,20181213_422893_VISlm_175um_2P2_Contrast,VisCodingTargetedContrast,769316535,/allen/programs/braintv/production/neuralcoding/prod60/specimen_769316535/ophys_session_794971808/,422893,Cux2-CreERT2;Camk2a-tTA;Ai93,2018-12-13 22:55:07,CAM2P.2,2018-09-11 00:00:00,Cux2-CreERT2/wt;Camk2a-tTA/wt;Ai93(TITL-GCaMP6f)/wt,P132,F,,uploaded,VisCodingTargetedContrast,VisCodingTargetedContrast
791373133,20181206_421061_VISp_2P2_275um_VCTEcontrast,VisCodingTargetedContrast,760933183,/allen/programs/braintv/production/neuralcoding/prod59/specimen_760933183/ophys_session_791373133/,421061,Sst-IRES-Cre;Ai148,2018-12-06 23:21:03,CAM2P.2,2018-08-31 00:00:00,Sst-IRES-Cre/wt;Ai148(TIT2L-GC6f-ICL-tTA2)/wt,P136,F,,uploaded,VisCodingTargetedContrast,VisCodingTargetedContrast
791125374,20181206_421060_TargetContrast,VisCodingTargetedContrast,760940732,/allen/programs/braintv/production/neuralcoding/prod59/specimen_760940732/ophys_session_791125374/,421060,Sst-IRES-Cre;Ai148,2018-12-06 16:29:44,CAM2P.1,2018-08-31 00:00:00,Sst-IRES-Cre/wt;Ai148(TIT2L-GC6f-ICL-tTA2)/wt,P136,F,,uploaded,VisCodingTargetedContrast,VisCodingTargetedContrast
791120861,20181206_422019_TargetContrast,VisCodingTargetedContrast,765991985,/allen/programs/braintv/production/neuralcoding/prod59/specimen_765991985/ophys_session_791120861/,422019,Cux2-CreERT2;Camk2a-tTA;Ai93,2018-12-06 16:07:13,CAM2P.2,2018-09-06 00:00:00,Cux2-CreERT2/wt;Camk2a-CreERT2/wt;Ai93(TITL-GCaMP6f)/wt,P109,M,,uploaded,VisCodingTargetedContrast,VisCodingTargetedContrast
878285374,20190530_445271_gamma40hzvalidation,VisCodingTargetedContrast,821470815,/allen/programs/braintv/production/visualbehavior/prod0/specimen_821470815/ophys_session_878285374/,445271,Slc17a7-IRES2-Cre;Camk2a-tTA;Ai93,2019-05-30 22:09:22,CAM2P.1,2019-01-03 00:00:00,Slc17a7-IRES2-Cre/wt;Camk2a-tTA/wt;Ai93(TITL-GCaMP6f)/wt,P204,M,875442875.0,uploaded,OpenscopeGammaPilot,VisCodingTargetedContrast
881419001,20190506_445271_GammaValidation,VisCodingTargetedContrast,821470815,/allen/programs/braintv/production/visualbehavior/prod0/specimen_821470815/ophys_session_881419001/,445271,Slc17a7-IRES2-Cre;Camk2a-tTA;Ai93,2019-06-05 21:24:38,CAM2P.1,2019-01-03 00:00:00,Slc17a7-IRES2-Cre/wt;Camk2a-tTA/wt;Ai93(TITL-GCaMP6f)/wt,P204,M,,uploaded,OpenscopeGammaPilot,VisCodingTargetedContrast
