experiment_id,name,session_id,storage_directory,experiment_container_id,depth,area,workflow_state,rig,calculated_depth,resolution,image_width,image_height
806440820,20190109_422893_2P1_VISom_175um_TFxSF,806172153,/allen/programs/braintv/production/neuralcoding/prod60/specimen_769316535/ophys_session_806172153/ophys_experiment_806440820/,,175,VISpm,passed,CAM2P.2,175.0,0.785203,512,512
803131765,20190103_423242_Running_Decoding,803007090,/allen/programs/braintv/production/neuralcoding/prod60/specimen_772622312/ophys_session_803007090/ophys_experiment_803131765/,,175,VISal,passed,CAM2P.1,185.0,0.785203,512,512
799351437,20181219_423225_RunDecode,798747988,/allen/programs/braintv/production/neuralcoding/prod60/specimen_769367548/ophys_session_798747988/ophys_experiment_799351437/,,275,VISp,passed,CAM2P.2,275.0,0.785203,512,512
802647745,20190102_421590_VISpm_275um_2P2_TFxSF,802548622,/allen/programs/braintv/production/neuralcoding/prod59/specimen_763248171/ophys_session_802548622/ophys_experiment_802647745/,,275,VISpm,passed,CAM2P.2,255.0,0.785203,512,512
802623371,20190102_423244_contrast,802500210,/allen/programs/braintv/production/neuralcoding/prod60/specimen_772656187/ophys_session_802500210/ophys_experiment_802623371/,,175,VISam,passed,CAM2P.2,170.0,0.785203,512,512
878683723,20190530_445271_gamma40hzvalidation,878285374,/allen/programs/braintv/production/visualbehavior/prod0/specimen_821470815/ophys_session_878285374/ophys_experiment_878683723/,,175,VISp,processing,CAM2P.1,0.0,0.785203,512,512
784482343,20181121_421061_VISal_2P2_255um_VCTEcontrast,784372428,/allen/programs/braintv/production/neuralcoding/prod59/specimen_760933183/ophys_session_784372428/ophys_experiment_784482343/,,255,VISal,failed,CAM2P.2,254.0,0.785203,512,512
802618625,20190102_422893_VISal_175um_2P2_Contrast,802473591,/allen/programs/braintv/production/neuralcoding/prod60/specimen_769316535/ophys_session_802473591/ophys_experiment_802618625/,,175,VISal,passed,CAM2P.1,275.0,0.785203,512,512
779331896,20181113_414202_TFxSF,778165960,/allen/programs/braintv/production/neuralcoding/prod59/specimen_759066288/ophys_session_778165960/ophys_experiment_779331896/,,275,VISal,passed,CAM2P.2,295.0,0.785203,512,512
802619839,20190102_423225_RunDecode,802401658,/allen/programs/braintv/production/neuralcoding/prod60/specimen_769367548/ophys_session_802401658/ophys_experiment_802619839/,,275,VISp,passed,CAM2P.2,275.0,0.785203,512,512
784475415,20181121_414556_RunDecode,784120603,/allen/programs/braintv/production/neuralcoding/prod58/specimen_753847689/ophys_session_784120603/ophys_experiment_784475415/,,375,VISal,passed,CAM2P.2,385.0,0.785203,512,512
783668954,20181119_414560_Movies,782102957,/allen/programs/braintv/production/neuralcoding/prod59/specimen_756677939/ophys_session_782102957/ophys_experiment_783668954/,,375,VISam,failed,CAM2P.2,360.0,0.785203,512,512
806437512,20190109_423242_contrast,806050255,/allen/programs/braintv/production/neuralcoding/prod60/specimen_772622312/ophys_session_806050255/ophys_experiment_806437512/,,175,VISal,passed,CAM2P.1,160.0,0.785203,512,512
779352182,20181113_414205_TFxSF,778299488,/allen/programs/braintv/production/neuralcoding/prod59/specimen_760696809/ophys_session_778299488/ophys_experiment_779352182/,,275,VISpm,passed,CAM2P.2,295.0,0.785203,512,512
778056281,20181112_413742_TargetRunDecode,776914650,/allen/programs/braintv/production/neuralcoding/prod58/specimen_753852001/ophys_session_776914650/ophys_experiment_778056281/,,175,VISl,passed,CAM2P.2,177.0,0.785203,512,512
792112442,20181207_422019_TFxSF,791540398,/allen/programs/braintv/production/neuralcoding/prod59/specimen_765991985/ophys_session_791540398/ophys_experiment_792112442/,,175,VISp,passed,CAM2P.2,187.0,0.785203,512,512
783684804,20181120_414560_movies,783319327,/allen/programs/braintv/production/neuralcoding/prod59/specimen_756677939/ophys_session_783319327/ophys_experiment_783684804/,,375,VISam,passed,CAM2P.2,375.0,0.785203,512,512
783695263,20181120_421061_VISal_2P2_275um_VCTEcontrast,783618264,/allen/programs/braintv/production/neuralcoding/prod59/specimen_760933183/ophys_session_783618264/ophys_experiment_783695263/,,275,VISal,passed,CAM2P.2,275.0,0.785203,512,512
803725977,20190104_423245_Contrast,803232810,/allen/programs/braintv/production/neuralcoding/prod60/specimen_772649832/ophys_session_803232810/ophys_experiment_803725977/,,175,VISpm,passed,CAM2P.2,175.0,0.785203,512,512
784473468,20181121_421062_Contrast,783998921,/allen/programs/braintv/production/neuralcoding/prod59/specimen_760984688/ophys_session_783998921/ophys_experiment_784473468/,,275,VISl,passed,CAM2P.2,260.0,0.785203,512,512
803725297,20180104_421060_TFxSF,803237009,/allen/programs/braintv/production/neuralcoding/prod59/specimen_760940732/ophys_session_803237009/ophys_experiment_803725297/,,275,VISal,passed,CAM2P.1,265.0,0.785203,512,512
779352166,20181113_414035_TFxSF,778292916,/allen/programs/braintv/production/neuralcoding/prod58/specimen_754469470/ophys_session_778292916/ophys_experiment_779352166/,,550,VISp,passed,CAM2P.2,540.0,0.785203,512,512
783676603,20181120_421062_contrast,782956726,/allen/programs/braintv/production/neuralcoding/prod59/specimen_760984688/ophys_session_782956726/ophys_experiment_783676603/,,275,VISal,passed,CAM2P.2,260.0,0.785203,512,512
778064563,20181112_414202_Contrast,777180518,/allen/programs/braintv/production/neuralcoding/prod59/specimen_759066288/ophys_session_777180518/ophys_experiment_778064563/,,275,VISpm,passed,CAM2P.2,270.0,0.785203,512,512
779367946,20181114_414556_VCTE_Movies,778958916,/allen/programs/braintv/production/neuralcoding/prod58/specimen_753847689/ophys_session_778958916/ophys_experiment_779367946/,,375,VISp,passed,CAM2P.2,385.0,0.785203,512,512
779323423,20181113_414556_VCTE_Movies,778156289,/allen/programs/braintv/production/neuralcoding/prod58/specimen_753847689/ophys_session_778156289/ophys_experiment_779323423/,,375,VISp,passed,CAM2P.2,375.0,0.785203,512,512
780075287,20181115_414556_2P2_VISal_375um_VCTErun,780001940,/allen/programs/braintv/production/neuralcoding/prod58/specimen_753847689/ophys_session_780001940/ophys_experiment_780075287/,,375,VISal,passed,CAM2P.2,375.0,0.785203,512,512
780056735,20181115_413742_VCTE_Movies,779432537,/allen/programs/braintv/production/neuralcoding/prod58/specimen_753852001/ophys_session_779432537/ophys_experiment_780056735/,,175,VISam,passed,CAM2P.2,175.0,0.785203,512,512
779357842,20181114_413742_TargetMovie,778745349,/allen/programs/braintv/production/neuralcoding/prod58/specimen_753852001/ophys_session_778745349/ophys_experiment_779357842/,,175,VISl,passed,CAM2P.2,177.0,0.785203,512,512
780071416,20181115_414202_TFxSF,779940237,/allen/programs/braintv/production/neuralcoding/prod59/specimen_759066288/ophys_session_779940237/ophys_experiment_780071416/,,275,VISp,passed,CAM2P.2,285.0,0.785203,512,512
780066177,20181115_414560_Movies,779818144,/allen/programs/braintv/production/neuralcoding/prod59/specimen_756677939/ophys_session_779818144/ophys_experiment_780066177/,,375,VISal,passed,CAM2P.2,365.0,0.785203,512,512
779316436,20181113_413742_TargetMovies,777856546,/allen/programs/braintv/production/neuralcoding/prod58/specimen_753852001/ophys_session_777856546/ophys_experiment_779316436/,,175,VISp,passed,CAM2P.2,185.0,0.785203,512,512
783673226,20181120_413742_VCTE_Movies,782812556,/allen/programs/braintv/production/neuralcoding/prod58/specimen_753852001/ophys_session_782812556/ophys_experiment_783673226/,,175,VISam,passed,CAM2P.2,175.0,0.785203,512,512
778598172,20181112_414205_TFxSF,777331050,/allen/programs/braintv/production/neuralcoding/prod59/specimen_760696809/ophys_session_777331050/ophys_experiment_778598172/,,275,VISal,passed,CAM2P.2,280.0,0.785203,512,512
780947314,20181116_413742_TargetMovies,780169348,/allen/programs/braintv/production/neuralcoding/prod58/specimen_753852001/ophys_session_780169348/ophys_experiment_780947314/,,175,VISpm,passed,CAM2P.2,189.0,0.785203,512,512
776726620,20181108_414202_Contrast,775335881,/allen/programs/braintv/production/neuralcoding/prod59/specimen_759066288/ophys_session_775335881/ophys_experiment_776726620/,,275,VISpm,passed,CAM2P.2,260.0,0.785203,512,512
791964266,20181207_421060_TargetContrast,791556785,/allen/programs/braintv/production/neuralcoding/prod59/specimen_760940732/ophys_session_791556785/ophys_experiment_791964266/,,275,VISp,passed,CAM2P.1,269.0,0.785203,512,512
776915038,20181109_414205_Contrast,776093851,/allen/programs/braintv/production/neuralcoding/prod59/specimen_760696809/ophys_session_776093851/ophys_experiment_776915038/,,275,VISpm,passed,CAM2P.2,275.0,0.785203,512,512
791970317,20181207_419530_running,791789578,/allen/programs/braintv/production/neuralcoding/prod59/specimen_763958536/ophys_session_791789578/ophys_experiment_791970317/,,550,VISl,failed,CAM2P.1,550.0,0.785203,512,512
781360091,20181118_414556_VCTE_RunDecoding,781285354,/allen/programs/braintv/production/neuralcoding/prod58/specimen_753847689/ophys_session_781285354/ophys_experiment_781360091/,,375,VISp,passed,CAM2P.2,375.0,0.785203,512,512
784470588,20181121_413742_VCTE_Movies,783807676,/allen/programs/braintv/production/neuralcoding/prod58/specimen_753852001/ophys_session_783807676/ophys_experiment_784470588/,,175,VISpm,failed,CAM2P.2,175.0,0.785203,512,512
782682926,20181119_414202_2P2_VISp_275um_VCTEtfXsf,782420243,/allen/programs/braintv/production/neuralcoding/prod59/specimen_759066288/ophys_session_782420243/ophys_experiment_782682926/,,275,VISp,passed,CAM2P.2,275.0,0.785203,512,512
803729259,20190104_422893_2P1_VISl_175um_TFxSF,803610080,/allen/programs/braintv/production/neuralcoding/prod60/specimen_769316535/ophys_session_803610080/ophys_experiment_803729259/,,175,VISl,failed,CAM2P.2,175.0,0.785203,512,512
782656359,20181119_413742_TargetMovies,781473377,/allen/programs/braintv/production/neuralcoding/prod58/specimen_753852001/ophys_session_781473377/ophys_experiment_782656359/,,175,VISp,passed,CAM2P.2,173.0,0.785203,512,512
783689680,20181120_419158_movies,783390052,/allen/programs/braintv/production/neuralcoding/prod59/specimen_759496697/ophys_session_783390052/ophys_experiment_783689680/,,375,VISrl,failed,CAM2P.2,360.0,0.785203,512,512
785625612,20181126_421061_VISp_2P2_285um_VCTEcontrast,785568931,/allen/programs/braintv/production/neuralcoding/prod59/specimen_760984688/ophys_session_785568931/ophys_experiment_785625612/,,285,VISp,failed,CAM2P.2,285.0,0.785203,512,512
787524360,20181128_421061_VISpm_2P2_275um_VCTEcontrast,787336135,/allen/programs/braintv/production/neuralcoding/prod59/specimen_760933183/ophys_session_787336135/ophys_experiment_787524360/,,275,VISpm,passed,CAM2P.2,275.0,0.785203,512,512
787518772,20181128_421062_Contrast,786831938,/allen/programs/braintv/production/neuralcoding/prod59/specimen_760984688/ophys_session_786831938/ophys_experiment_787518772/,,265,VISl,passed,CAM2P.2,260.0,0.785203,512,512
786477622,20181127_419158_Movies,786179407,/allen/programs/braintv/production/neuralcoding/prod59/specimen_759496697/ophys_session_786179407/ophys_experiment_786477622/,,375,VISrl,failed,CAM2P.2,370.0,0.785203,512,512
786462490,20181127_414035_running,786137541,/allen/programs/braintv/production/neuralcoding/prod58/specimen_754469470/ophys_session_786137541/ophys_experiment_786462490/,,550,VISal,passed,CAM2P.1,530.0,0.785203,512,512
786495485,20181127_421061_VISp_2P2_250um_VCTEcontrast,786284976,/allen/programs/braintv/production/neuralcoding/prod59/specimen_760933183/ophys_session_786284976/ophys_experiment_786495485/,,250,VISp,qc,CAM2P.2,250.0,0.785203,512,512
786464644,20181127_414202_2P2_VISpm_275um_TFxSF,786264766,/allen/programs/braintv/production/neuralcoding/prod59/specimen_759066288/ophys_session_786264766/ophys_experiment_786464644/,,275,VISpm,passed,CAM2P.1,260.0,0.785203,512,512
787521886,20181128_419158_Movies,786971153,/allen/programs/braintv/production/neuralcoding/prod59/specimen_759496697/ophys_session_786971153/ophys_experiment_787521886/,,375,VISrl,passed,CAM2P.2,365.0,0.785203,512,512
786467810,20181127_414560_Movies,786079238,/allen/programs/braintv/production/neuralcoding/prod59/specimen_756677939/ophys_session_786079238/ophys_experiment_786467810/,,375,VISl,passed,CAM2P.2,360.0,0.785203,512,512
785615315,20181126_414035_Running_Decoding,785467612,/allen/programs/braintv/production/neuralcoding/prod58/specimen_754469470/ophys_session_785467612/ophys_experiment_785615315/,,550,VISp,passed,CAM2P.2,560.0,0.785203,512,512
785620777,20181126_414560_Movies,785485777,/allen/programs/braintv/production/neuralcoding/prod59/specimen_756677939/ophys_session_785485777/ophys_experiment_785620777/,,375,VISal,failed,CAM2P.2,360.0,0.785203,512,512
785611089,20181126_421062_contrast,785370795,/allen/programs/braintv/production/neuralcoding/prod59/specimen_760984688/ophys_session_785370795/ophys_experiment_785611089/,,275,VISp,passed,CAM2P.2,265.0,0.785203,512,512
770104700,20181029_414035_Contrast,769811903,/allen/programs/braintv/production/neuralcoding/prod58/specimen_754469470/ophys_session_769811903/ophys_experiment_770104700/,,550,VISp,passed,CAM2P.2,585.0,0.785203,512,512
788477296,20181129_421062_contrast,787891349,/allen/programs/braintv/production/neuralcoding/prod59/specimen_760984688/ophys_session_787891349/ophys_experiment_788477296/,,275,VISal,passed,CAM2P.2,280.0,0.785203,512,512
788483975,20181129_421061_VISp_2P2_250um_VCTEcontrast,788395529,/allen/programs/braintv/production/neuralcoding/prod59/specimen_760933183/ophys_session_788395529/ophys_experiment_788483975/,,250,VISp,passed,CAM2P.2,250.0,0.785203,512,512
788480731,20181129_419158_movies,788202115,/allen/programs/braintv/production/neuralcoding/prod59/specimen_759496697/ophys_session_788202115/ophys_experiment_788480731/,,375,VISrl,passed,CAM2P.2,370.0,0.785203,512,512
790139653,20181203_419158_Running_Decoding,790005301,/allen/programs/braintv/production/neuralcoding/prod59/specimen_760984688/ophys_session_790005301/ophys_experiment_790139653/,,375,VISal,passed,CAM2P.2,360.0,0.785203,512,512
797245107,20181217_421587_tfxsf,796527576,/allen/programs/braintv/production/neuralcoding/prod59/specimen_763832038/ophys_session_796527576/ophys_experiment_797245107/,,275,VISl,passed,CAM2P.1,275.0,0.785203,512,512
797249403,20181217_422893_VISpm_175um_2P2_Contrast,797016848,/allen/programs/braintv/production/neuralcoding/prod60/specimen_769316535/ophys_session_797016848/ophys_experiment_797249403/,,175,VISpm,passed,CAM2P.2,170.0,0.785203,512,512
798375708,20181218_423225_rundecode,797375549,/allen/programs/braintv/production/neuralcoding/prod60/specimen_769367548/ophys_session_797375549/ophys_experiment_798375708/,,275,VISp,failed,CAM2P.2,275.0,0.785203,512,512
800031595,20181220_422893_Contrast,799883837,/allen/programs/braintv/production/neuralcoding/prod60/specimen_769316535/ophys_session_799883837/ophys_experiment_800031595/,,175,VISpm,passed,CAM2P.2,175.0,0.785203,512,512
800029997,20181220_421061_TFxSF,799890062,/allen/programs/braintv/production/neuralcoding/prod59/specimen_760933183/ophys_session_799890062/ophys_experiment_800029997/,,275,VISpm,passed,CAM2P.1,260.0,0.785203,512,512
805047188,20190107_423245_TFxSF,804714847,/allen/programs/braintv/production/neuralcoding/prod60/specimen_772649832/ophys_session_804714847/ophys_experiment_805047188/,,175,VISpm,passed,CAM2P.2,175.0,0.785203,512,512
791966640,20181207_421586_TFxSF,791753661,/allen/programs/braintv/production/neuralcoding/prod59/specimen_763247322/ophys_session_791753661/ophys_experiment_791966640/,,275,VISl,failed,CAM2P.1,275.0,0.785203,512,512
797245653,20181217_423225_rundecode,796420836,/allen/programs/braintv/production/neuralcoding/prod60/specimen_769367548/ophys_session_796420836/ophys_experiment_797245653/,,275,VISp,passed,CAM2P.2,275.0,0.785203,512,512
791970333,20181207_423225_RunDecode,791733321,/allen/programs/braintv/production/neuralcoding/prod60/specimen_769367548/ophys_session_791733321/ophys_experiment_791970333/,,275,VISal,passed,CAM2P.2,275.0,0.785203,512,512
800025869,20181220_421060_tfxsf,799645540,/allen/programs/braintv/production/neuralcoding/prod59/specimen_760940732/ophys_session_799645540/ophys_experiment_800025869/,,275,VISl,passed,CAM2P.1,275.0,0.785203,512,512
798373723,20181218_421060_TFxSF,797356052,/allen/programs/braintv/production/neuralcoding/prod59/specimen_760940732/ophys_session_797356052/ophys_experiment_798373723/,,275,VISl,passed,CAM2P.1,280.0,0.785203,512,512
798384374,20181218_421587_TFxSF,797559679,/allen/programs/braintv/production/neuralcoding/prod59/specimen_763832038/ophys_session_797559679/ophys_experiment_798384374/,,275,VISl,passed,CAM2P.1,275.0,0.785203,512,512
798387212,20181218_423242_tfxsf,797729073,/allen/programs/braintv/production/neuralcoding/prod60/specimen_772622312/ophys_session_797729073/ophys_experiment_798387212/,,175,VISal,passed,CAM2P.1,175.0,0.785203,512,512
798386171,20181218_423244_tfxsf,797612122,/allen/programs/braintv/production/neuralcoding/prod60/specimen_772656187/ophys_session_797612122/ophys_experiment_798386171/,,175,VISam,passed,CAM2P.2,175.0,0.785203,512,512
799352007,20181219_421587_TFxSF,798725363,/allen/programs/braintv/production/neuralcoding/prod59/specimen_763832038/ophys_session_798725363/ophys_experiment_799352007/,,275,VISl,passed,CAM2P.1,275.0,0.785203,512,512
791973827,20181207_419158_Movies,791774327,/allen/programs/braintv/production/neuralcoding/prod59/specimen_759496697/ophys_session_791774327/ophys_experiment_791973827/,,375,VISrl,passed,CAM2P.2,375.0,0.785203,512,512
792789816,20181210_421060_TargetContrast,792319003,/allen/programs/braintv/production/neuralcoding/prod59/specimen_760940732/ophys_session_792319003/ophys_experiment_792789816/,,275,VISp,passed,CAM2P.1,281.0,0.785203,512,512
793713245,20181211_419158,793051644,/allen/programs/braintv/production/neuralcoding/prod59/specimen_759496697/ophys_session_793051644/ophys_experiment_793713245/,,375,VISal,passed,CAM2P.1,385.0,0.785203,512,512
792798975,20181210_421586_tfxsf,792473930,/allen/programs/braintv/production/neuralcoding/prod59/specimen_763247322/ophys_session_792473930/ophys_experiment_792798975/,,275,VISl,failed,CAM2P.1,275.0,0.785203,512,512
800028017,20181220_423242_TFxSF,799774167,/allen/programs/braintv/production/neuralcoding/prod60/specimen_772622312/ophys_session_799774167/ophys_experiment_800028017/,,175,VISl,passed,CAM2P.1,175.0,0.785203,512,512
799345475,20181218_421061_TFxSF,797809369,/allen/programs/braintv/production/neuralcoding/prod59/specimen_760933183/ophys_session_797809369/ophys_experiment_799345475/,,275,VISl,failed,CAM2P.2,270.0,0.785203,512,512
799354291,20181219_423244_TFxSF,798920347,/allen/programs/braintv/production/neuralcoding/prod60/specimen_772656187/ophys_session_798920347/ophys_experiment_799354291/,,175,VISam,passed,CAM2P.2,180.0,0.785203,512,512
799354275,20181219_423242_TFxSF,798938968,/allen/programs/braintv/production/neuralcoding/prod60/specimen_772622312/ophys_session_798938968/ophys_experiment_799354275/,,175,VISal,passed,CAM2P.1,175.0,0.785203,512,512
800025852,20181220_423225_Rundecode,799627315,/allen/programs/braintv/production/neuralcoding/prod60/specimen_769367548/ophys_session_799627315/ophys_experiment_800025852/,,275,VISl,passed,CAM2P.2,275.0,0.785203,512,512
800028982,20181220_423244_tfxsf,799787572,/allen/programs/braintv/production/neuralcoding/prod60/specimen_772656187/ophys_session_799787572/ophys_experiment_800028982/,,175,VISal,passed,CAM2P.2,180.0,0.785203,512,512
806978035,20190110_422893_2P1_VISpm_175um_TFxSF,806835465,/allen/programs/braintv/production/neuralcoding/prod60/specimen_769316535/ophys_session_806835465/ophys_experiment_806978035/,,175,VISpm,passed,CAM2P.2,165.0,0.785203,512,512
803135246,20190103_421061_TFxSF,803063130,/allen/programs/braintv/production/neuralcoding/prod59/specimen_760933183/ophys_session_803063130/ophys_experiment_803135246/,,275,VISp,passed,CAM2P.1,275.0,0.785203,512,512
789337703,20181130_421062_tfxsf,788822860,/allen/programs/braintv/production/neuralcoding/prod59/specimen_760984688/ophys_session_788822860/ophys_experiment_789337703/,,275,VISal,passed,CAM2P.2,265.0,0.785203,512,512
792799871,20181210_423225_rundecode,792449512,/allen/programs/braintv/production/neuralcoding/prod60/specimen_769367548/ophys_session_792449512/ophys_experiment_792799871/,,275,VISal,passed,CAM2P.2,280.0,0.785203,512,512
793716456,20181211_419530_Running,793082965,/allen/programs/braintv/production/neuralcoding/prod59/specimen_763958536/ophys_session_793082965/ophys_experiment_793716456/,,550,VISl,passed,CAM2P.2,550.0,0.785203,512,512
792791393,20181210_422019_TFxSF,792316062,/allen/programs/braintv/production/neuralcoding/prod59/specimen_765991985/ophys_session_792316062/ophys_experiment_792791393/,,175,VISl,passed,CAM2P.2,181.0,0.785203,512,512
799348181,20181219_421060_TFxSF,798500537,/allen/programs/braintv/production/neuralcoding/prod59/specimen_760940732/ophys_session_798500537/ophys_experiment_799348181/,,275,VISp,passed,CAM2P.1,265.0,0.785203,512,512
799356367,20181219_421061_TFSF,799095423,/allen/programs/braintv/production/neuralcoding/prod59/specimen_760933183/ophys_session_799095423/ophys_experiment_799356367/,,275,VISl,passed,CAM2P.1,275.0,0.785203,512,512
791979220,20181207_422893_VISp_175um_2P2_Contrast,791869626,/allen/programs/braintv/production/neuralcoding/prod60/specimen_769316535/ophys_session_791869626/ophys_experiment_791979220/,,175,VISp,passed,CAM2P.2,185.0,0.785203,512,512
789325288,20181130_419158_Running,789095523,/allen/programs/braintv/production/neuralcoding/prod59/specimen_759496697/ophys_session_789095523/ophys_experiment_789325288/,,375,VISal,passed,CAM2P.1,385.0,0.785203,512,512
800383368,20181221_423225_rundecode,800143207,/allen/programs/braintv/production/neuralcoding/prod60/specimen_769367548/ophys_session_800143207/ophys_experiment_800383368/,,275,VISp,passed,CAM2P.2,275.0,0.785203,512,512
800385979,20181221_423242_rundecode,800164268,/allen/programs/braintv/production/neuralcoding/prod60/specimen_772622312/ophys_session_800164268/ophys_experiment_800385979/,,175,VISal,passed,CAM2P.1,180.0,0.785203,512,512
792804455,20181210_419530_Running,792632685,/allen/programs/braintv/production/neuralcoding/prod59/specimen_763958536/ophys_session_792632685/ophys_experiment_792804455/,,550,VISp,passed,CAM2P.2,550.0,0.785203,512,512
799357415,20181219_422893_vispm__175um_viscodingmovies,799078171,/allen/programs/braintv/production/neuralcoding/prod60/specimen_769316535/ophys_session_799078171/ophys_experiment_799357415/,,175,VISpm,passed,CAM2P.2,175.0,0.785203,512,512
800383347,20181221_421060_tfxsf,800142824,/allen/programs/braintv/production/neuralcoding/prod59/specimen_760940732/ophys_session_800142824/ophys_experiment_800383347/,,275,VISal,failed,CAM2P.1,275.0,0.785203,512,512
803129308,20190103_423244_contrast,802941425,/allen/programs/braintv/production/neuralcoding/prod60/specimen_772656187/ophys_session_802941425/ophys_experiment_803129308/,,175,VISl,passed,CAM2P.1,170.0,0.785203,512,512
789332044,20181130_421061_VISal_2P2_275um_VCTEcontrast,789270340,/allen/programs/braintv/production/neuralcoding/prod59/specimen_760933183/ophys_session_789270340/ophys_experiment_789332044/,,275,VISal,passed,CAM2P.1,275.0,0.785203,512,512
800387791,20181221_421061_TFxSF,800151868,/allen/programs/braintv/production/neuralcoding/prod59/specimen_760933183/ophys_session_800151868/ophys_experiment_800387791/,,275,VISp,passed,CAM2P.2,265.0,0.785203,512,512
805764487,20190108_423242_Running,805521899,/allen/programs/braintv/production/neuralcoding/prod60/specimen_772622312/ophys_session_805521899/ophys_experiment_805764487/,,175,VISl,failed,CAM2P.2,175.0,0.785203,512,512
805770521,20190108_422893_2P1_VISam_175um_TFxSF,805615556,/allen/programs/braintv/production/neuralcoding/prod60/specimen_769316535/ophys_session_805615556/ophys_experiment_805770521/,,175,VISam,passed,CAM2P.2,175.0,0.785203,512,512
794368941,20181212_422019_TFxSF,793855640,/allen/programs/braintv/production/neuralcoding/prod59/specimen_765991985/ophys_session_793855640/ophys_experiment_794368941/,,175,VISal,passed,CAM2P.2,173.0,0.785203,512,512
800390105,20181221_423244_contrast,800171732,/allen/programs/braintv/production/neuralcoding/prod60/specimen_772656187/ophys_session_800171732/ophys_experiment_800390105/,,175,VISam,passed,CAM2P.1,175.0,0.785203,512,512
805061120,20190107_423242_Running,804893755,/allen/programs/braintv/production/neuralcoding/prod60/specimen_772622312/ophys_session_804893755/ophys_experiment_805061120/,,175,VISl,passed,CAM2P.2,175.0,0.785203,512,512
793709885,20181211_423225_rundecode,792879437,/allen/programs/braintv/production/neuralcoding/prod60/specimen_769367548/ophys_session_792879437/ophys_experiment_793709885/,,275,VISl,passed,CAM2P.2,275.0,0.785203,512,512
805078533,20190107_422893_2P1_VISl_175um_TFxSF,804919130,/allen/programs/braintv/production/neuralcoding/prod60/specimen_769316535/ophys_session_804919130/ophys_experiment_805078533/,,175,VISl,passed,CAM2P.2,175.0,0.785203,512,512
794369502,20181212_421586_tfxsf,794080284,/allen/programs/braintv/production/neuralcoding/prod59/specimen_763247322/ophys_session_794080284/ophys_experiment_794369502/,,275,VISl,failed,CAM2P.1,280.0,0.785203,512,512
794371851,20181212_423225_rundecode,794035587,/allen/programs/braintv/production/neuralcoding/prod60/specimen_769367548/ophys_session_794035587/ophys_experiment_794371851/,,275,VISal,passed,CAM2P.2,275.0,0.785203,512,512
790135132,20181203_421586_contrast,789877828,/allen/programs/braintv/production/neuralcoding/prod59/specimen_763247322/ophys_session_789877828/ophys_experiment_790135132/,,265,VISpm,passed,CAM2P.1,250.0,0.785203,512,512
806975442,20190110_423242_running,806758614,/allen/programs/braintv/production/neuralcoding/prod60/specimen_772622312/ophys_session_806758614/ophys_experiment_806975442/,,175,VISl,passed,CAM2P.2,175.0,0.785203,512,512
790143307,20181203_421590_2P2_VISpm_265um_Contrast,790073891,/allen/programs/braintv/production/neuralcoding/prod59/specimen_763248171/ophys_session_790073891/ophys_experiment_790143307/,,265,VISpm,passed,CAM2P.2,265.0,0.785203,512,512
794372869,20181212_419530_Running,794278695,/allen/programs/braintv/production/neuralcoding/prod59/specimen_763958536/ophys_session_794278695/ophys_experiment_794372869/,,550,VISp,passed,CAM2P.1,545.0,0.785203,512,512
794366230,20181212_421060_TargetContrast,793874958,/allen/programs/braintv/production/neuralcoding/prod59/specimen_760940732/ophys_session_793874958/ophys_experiment_794366230/,,275,VISl,passed,CAM2P.1,289.0,0.785203,512,512
795056288,20181213_422019_RunDecode,794562341,/allen/programs/braintv/production/neuralcoding/prod59/specimen_765991985/ophys_session_794562341/ophys_experiment_795056288/,,175,VISl,passed,CAM2P.2,175.0,0.785203,512,512
795056947,20181213_421586_TFxSF,794725902,/allen/programs/braintv/production/neuralcoding/prod59/specimen_763247322/ophys_session_794725902/ophys_experiment_795056947/,,275,VISpm,failed,CAM2P.1,255.0,0.785203,512,512
790137016,20181203_421062_tfxsf,789848743,/allen/programs/braintv/production/neuralcoding/prod59/specimen_760984688/ophys_session_789848743/ophys_experiment_790137016/,,285,VISal,passed,CAM2P.2,270.0,0.785203,512,512
786463074,20181127_421062_Contrast,785890660,/allen/programs/braintv/production/neuralcoding/prod59/specimen_760984688/ophys_session_785890660/ophys_experiment_786463074/,,285,VISl,failed,CAM2P.2,285.0,0.785203,512,512
795053088,20181213_421060_TFxSF,794590232,/allen/programs/braintv/production/neuralcoding/prod59/specimen_760940732/ophys_session_794590232/ophys_experiment_795053088/,,275,VISp,passed,CAM2P.1,259.0,0.785203,512,512
787520808,20181128_414202_2P2_VISpm_275um_TFxSF,787347373,/allen/programs/braintv/production/neuralcoding/prod59/specimen_759066288/ophys_session_787347373/ophys_experiment_787520808/,,275,VISpm,passed,CAM2P.1,275.0,0.785203,512,512
795062006,20181213_419530_running,794944810,/allen/programs/braintv/production/neuralcoding/prod59/specimen_763958536/ophys_session_794944810/ophys_experiment_795062006/,,550,VISp,passed,CAM2P.1,550.0,0.785203,512,512
795068040,20181213_419156_2P1_VISlm_375um_RunDec,794982853,/allen/programs/braintv/production/neuralcoding/prod59/specimen_759679908/ophys_session_794982853/ophys_experiment_795068040/,,375,VISl,passed,CAM2P.1,385.0,0.785203,512,512
789346120,20181130_419530_running,789112476,/allen/programs/braintv/production/neuralcoding/prod59/specimen_763958536/ophys_session_789112476/ophys_experiment_789346120/,,550,VISal,passed,CAM2P.2,550.0,0.785203,512,512
790140095,20181203_419530_running,790020860,/allen/programs/braintv/production/neuralcoding/prod59/specimen_763247322/ophys_session_790020860/ophys_experiment_790140095/,,550,VISal,passed,CAM2P.1,550.0,0.785203,512,512
795069024,20181213_423225_RunDecode,794688639,/allen/programs/braintv/production/neuralcoding/prod60/specimen_769367548/ophys_session_794688639/ophys_experiment_795069024/,,275,VISl,passed,CAM2P.2,275.0,0.785203,512,512
790142722,20181203_421061_VISpm_2P2_275um_VCTEcontrast,790078838,/allen/programs/braintv/production/neuralcoding/prod59/specimen_760933183/ophys_session_790078838/ophys_experiment_790142722/,,275,VISpm,passed,CAM2P.1,240.0,0.785203,512,512
790138049,20181203_414560_movies,790000582,/allen/programs/braintv/production/neuralcoding/prod59/specimen_763247322/ophys_session_790000582/ophys_experiment_790138049/,,375,VISam,passed,CAM2P.1,365.0,0.785203,512,512
795942915,20181214_419156_2P1_VISlm_375um_RunDec,795894618,/allen/programs/braintv/production/neuralcoding/prod59/specimen_759679908/ophys_session_795894618/ophys_experiment_795942915/,,375,VISl,passed,CAM2P.1,355.0,0.785203,512,512
795074327,20181213_422893_VISlm_175um_2P2_Contrast,794971808,/allen/programs/braintv/production/neuralcoding/prod60/specimen_769316535/ophys_session_794971808/ophys_experiment_795074327/,,175,VISl,passed,CAM2P.2,175.0,0.785203,512,512
795943448,20181213_422893_VISpm_175um_2P2_Contrast,795892214,/allen/programs/braintv/production/neuralcoding/prod60/specimen_769316535/ophys_session_795892214/ophys_experiment_795943448/,,175,VISp,passed,CAM2P.2,175.0,0.785203,512,512
795940057,20181214_421060_TFxSF,795204547,/allen/programs/braintv/production/neuralcoding/prod59/specimen_760940732/ophys_session_795204547/ophys_experiment_795940057/,,275,VISal,passed,CAM2P.1,271.0,0.785203,512,512
790679914,20181204_419158_Running,790391521,/allen/programs/braintv/production/neuralcoding/prod59/specimen_759496697/ophys_session_790391521/ophys_experiment_790679914/,,375,VISl,passed,CAM2P.1,385.0,0.785203,512,512
795941068,20181214_423225_rundecode,795399267,/allen/programs/braintv/production/neuralcoding/prod60/specimen_769367548/ophys_session_795399267/ophys_experiment_795941068/,,275,VISl,passed,CAM2P.2,270.0,0.785203,512,512
790132721,20181203_422019_TargetCotrast,789682189,/allen/programs/braintv/production/neuralcoding/prod59/specimen_765991985/ophys_session_789682189/ophys_experiment_790132721/,,175,VISp,passed,CAM2P.2,173.0,0.785203,512,512
783680492,20181120_414556_RunDec,783216732,/allen/programs/braintv/production/neuralcoding/prod58/specimen_753847689/ophys_session_783216732/ophys_experiment_783680492/,,385,VISp,passed,CAM2P.2,385.0,0.785203,512,512
778309117,20181112_414035_TFxSF,777309974,/allen/programs/braintv/production/neuralcoding/prod58/specimen_754469470/ophys_session_777309974/ophys_experiment_778309117/,,550,VISp,passed,CAM2P.2,555.0,0.785203,512,512
789326862,20181130_422019_TargetContrast,788605284,/allen/programs/braintv/production/neuralcoding/prod59/specimen_765991985/ophys_session_788605284/ophys_experiment_789326862/,,175,VISal,passed,CAM2P.2,177.0,0.785203,512,512
787517857,20181128_414560_Movies,786931122,/allen/programs/braintv/production/neuralcoding/prod59/specimen_756677939/ophys_session_786931122/ophys_experiment_787517857/,,375,VISam,passed,CAM2P.1,350.0,0.785203,512,512
788477313,20181129_414560_Movies,788183504,/allen/programs/braintv/production/neuralcoding/prod59/specimen_756677939/ophys_session_788183504/ophys_experiment_788477313/,,375,VISpm,passed,CAM2P.1,375.0,0.785203,512,512
790698441,20181204_421062_contrast,790243253,/allen/programs/braintv/production/neuralcoding/prod59/specimen_760984688/ophys_session_790243253/ophys_experiment_790698441/,,285,VISl,passed,CAM2P.2,290.0,0.785203,512,512
790730912,20181204_422893_VISp_175um_2P2_Contrast,790636906,/allen/programs/braintv/production/neuralcoding/prod60/specimen_769316535/ophys_session_790636906/ophys_experiment_790730912/,,175,VISp,passed,CAM2P.2,155.0,0.785203,512,512
790722116,20181204_419530_Running,790353900,/allen/programs/braintv/production/neuralcoding/prod59/specimen_763958536/ophys_session_790353900/ophys_experiment_790722116/,,550,VISal,passed,CAM2P.2,550.0,0.785203,512,512
790684678,20181204_421061_VISlm_2P2_275um_VCTEcontrast,790632329,/allen/programs/braintv/production/neuralcoding/prod59/specimen_760933183/ophys_session_790632329/ophys_experiment_790684678/,,275,VISl,passed,CAM2P.1,275.0,0.785203,512,512
791120934,20181205_419158_Running,790916097,/allen/programs/braintv/production/neuralcoding/prod59/specimen_759496697/ophys_session_790916097/ophys_experiment_791120934/,,375,VISl,passed,CAM2P.1,385.0,0.785203,512,512
791035028,20181205_421586_tfxsf,790856463,/allen/programs/braintv/production/neuralcoding/prod59/specimen_763247322/ophys_session_790856463/ophys_experiment_791035028/,,275,VISal,passed,CAM2P.1,275.0,0.785203,512,512
791035048,20181205_422019_TargetContrast,790807555,/allen/programs/braintv/production/neuralcoding/prod59/specimen_765991985/ophys_session_790807555/ophys_experiment_791035048/,,175,VISal,failed,CAM2P.2,183.0,0.785203,512,512
791457757,20181206_421061_VISp_2P2_275um_VCTEcontrast,791373133,/allen/programs/braintv/production/neuralcoding/prod59/specimen_760933183/ophys_session_791373133/ophys_experiment_791457757/,,275,VISp,passed,CAM2P.2,285.0,0.785203,512,512
791444592,20181206_422019_TargetContrast,791120861,/allen/programs/braintv/production/neuralcoding/prod59/specimen_765991985/ophys_session_791120861/ophys_experiment_791444592/,,175,VISrl,passed,CAM2P.2,185.0,0.785203,512,512
791443176,20181206_421060_TargetContrast,791125374,/allen/programs/braintv/production/neuralcoding/prod59/specimen_760940732/ophys_session_791125374/ophys_experiment_791443176/,,275,VISal,passed,CAM2P.1,279.0,0.785203,512,512
791120947,20181205_419530_Running,790920747,/allen/programs/braintv/production/neuralcoding/prod59/specimen_763958536/ophys_session_790920747/ophys_experiment_791120947/,,550,VISl,passed,CAM2P.2,535.0,0.785203,512,512
791445102,20181206_421586_tfxsf,791258722,/allen/programs/braintv/production/neuralcoding/prod59/specimen_763247322/ophys_session_791258722/ophys_experiment_791445102/,,275,VISl,failed,CAM2P.1,275.0,0.785203,512,512
791447577,20181206_419530_Running,791324158,/allen/programs/braintv/production/neuralcoding/prod59/specimen_763958536/ophys_session_791324158/ophys_experiment_791447577/,,550,VISl,passed,CAM2P.1,550.0,0.785203,512,512
791449145,20181206_423225_rundecode,791248771,/allen/programs/braintv/production/neuralcoding/prod60/specimen_769367548/ophys_session_791248771/ophys_experiment_791449145/,,275,VISal,passed,CAM2P.2,280.0,0.785203,512,512
791449608,20181206_414556_2P2_VISlm_375um_VCTErun,791381173,/allen/programs/braintv/production/neuralcoding/prod58/specimen_753847689/ophys_session_791381173/ophys_experiment_791449608/,,375,VISl,failed,CAM2P.1,375.0,0.785203,512,512
791455203,20181206_419158_movies,791330902,/allen/programs/braintv/production/neuralcoding/prod59/specimen_759496697/ophys_session_791330902/ophys_experiment_791455203/,,375,VISrl,passed,CAM2P.2,365.0,0.785203,512,512
682731703,20180410_373112_TFxSF,681698752,/allen/programs/braintv/production/neuralcoding/prod48/specimen_661968859/ophys_session_681698752/ophys_experiment_682731703/,,375,VISp,passed,CAM2P.1,359.0,0.785203,512,512
683250025,20180412_373112_ContrastTuning,682746585,/allen/programs/braintv/production/neuralcoding/prod48/specimen_661968859/ophys_session_682746585/ophys_experiment_683250025/,,375,VISp,passed,CAM2P.1,380.0,0.785203,512,512
685495363,20180416_373112_RunningDecoding,684856233,/allen/programs/braintv/production/neuralcoding/prod48/specimen_661968859/ophys_session_684856233/ophys_experiment_685495363/,,375,VISp,passed,CAM2P.1,359.0,0.785203,512,512
686916414,20180419_377321_TSxSF,686708257,/allen/programs/braintv/production/neuralcoding/prod48/specimen_664605504/ophys_session_686708257/ophys_experiment_686916414/,,275,VISl,passed,CAM2P.2,285.0,0.785203,512,512
695547291,20180508_377321_2P1_VISl_275um_ContrastTuning,695462675,/allen/programs/braintv/production/neuralcoding/prod48/specimen_664605504/ophys_session_695462675/ophys_experiment_695547291/,,275,VISl,passed,CAM2P.1,275.0,0.785203,512,512
695083888,20180507_377151_2P2_VISpm_275um_ContrastTuning,694867337,/allen/programs/braintv/production/neuralcoding/prod49/specimen_666839638/ophys_session_694867337/ophys_experiment_695083888/,,275,VISpm,passed,CAM2P.2,275.0,0.785203,512,512
695575164,20180508_377151_2P2_VISpm_275um_ContrastTuning,695464266,/allen/programs/braintv/production/neuralcoding/prod49/specimen_666839638/ophys_session_695464266/ophys_experiment_695575164/,,275,VISpm,passed,CAM2P.2,284.0,0.785203,512,512
693874334,20180503_377129_TFxSF,693424346,/allen/programs/braintv/production/neuralcoding/prod49/specimen_666788991/ophys_session_693424346/ophys_experiment_693874334/,,550,VISp,failed,CAM2P.2,560.0,0.785203,512,512
692867720,20180501_377129_TFxSF,692413859,/allen/programs/braintv/production/neuralcoding/prod49/specimen_666788991/ophys_session_692413859/ophys_experiment_692867720/,,550,VISp,failed,CAM2P.2,550.0,0.785203,512,512
686912322,20180419_377129_V1_550um_ContrastTuning,686569087,/allen/programs/braintv/production/neuralcoding/prod49/specimen_666788991/ophys_session_686569087/ophys_experiment_686912322/,,550,VISp,passed,CAM2P.2,540.0,0.785203,512,512
696155070,20180509_377129_TFxSF,695746063,/allen/programs/braintv/production/neuralcoding/prod49/specimen_666788991/ophys_session_695746063/ophys_experiment_696155070/,,550,VISp,passed,CAM2P.2,550.0,0.785203,512,512
695571192,20180508_377129_TFxSF,695169813,/allen/programs/braintv/production/neuralcoding/prod49/specimen_666788991/ophys_session_695169813/ophys_experiment_695571192/,,550,VISp,passed,CAM2P.2,560.0,0.785203,512,512
687497691,20180420_377321_TFxSF,687293842,/allen/programs/braintv/production/neuralcoding/prod48/specimen_664605504/ophys_session_687293842/ophys_experiment_687497691/,,275,VISpm,passed,CAM2P.2,275.0,0.785203,512,512
691763676,20180427_377321_2P2_VISpm_275um_TFxSF,691741646,/allen/programs/braintv/production/neuralcoding/prod48/specimen_664605504/ophys_session_691741646/ophys_experiment_691763676/,,275,VISpm,passed,CAM2P.2,275.0,0.785203,512,512
692870791,20180501_377321_2P2_VISpm_275um_TFxSF,692799916,/allen/programs/braintv/production/neuralcoding/prod48/specimen_664605504/ophys_session_692799916/ophys_experiment_692870791/,,275,VISpm,passed,CAM2P.2,275.0,0.785203,512,512
690031150,20180425_377629_TFxSF,689705421,/allen/programs/braintv/production/neuralcoding/prod49/specimen_664744816/ophys_session_689705421/ophys_experiment_690031150/,,275,VISal,passed,CAM2P.2,275.0,0.785203,512,512
690033228,20180425_378346_TargetedContrast,689723323,/allen/programs/braintv/production/neuralcoding/prod50/specimen_671540231/ophys_session_689723323/ophys_experiment_690033228/,,275,VISal,passed,CAM2P.1,275.0,0.785203,512,512
691199357,20180426_378346_TargetContrast,690751383,/allen/programs/braintv/production/neuralcoding/prod50/specimen_671540231/ophys_session_690751383/ophys_experiment_691199357/,,275,VISl,passed,CAM2P.1,275.0,0.785203,512,512
695083902,20180507_378346_TargetedContrast,694777122,/allen/programs/braintv/production/neuralcoding/prod50/specimen_671540231/ophys_session_694777122/ophys_experiment_695083902/,,275,VISl,passed,CAM2P.1,275.0,0.785203,512,512
691201441,20180426_377629_TFxSF,690759629,/allen/programs/braintv/production/neuralcoding/prod49/specimen_664744816/ophys_session_690759629/ophys_experiment_691201441/,,275,VISl,passed,CAM2P.2,275.0,0.785203,512,512
696154007,20180509_379348_ContrastTuning,695640480,/allen/programs/braintv/production/neuralcoding/prod49/specimen_669165768/ophys_session_695640480/ophys_experiment_696154007/,,175,VISp,passed,CAM2P.1,169.0,0.785203,512,512
692339706,20180430_379348_ContrastTuning,691862168,/allen/programs/braintv/production/neuralcoding/prod49/specimen_669165768/ophys_session_691862168/ophys_experiment_692339706/,,175,VISp,passed,CAM2P.1,175.0,0.785203,512,512
693285206,20180502_377629_TFSF,693163510,/allen/programs/braintv/production/neuralcoding/prod49/specimen_664744816/ophys_session_693163510/ophys_experiment_693285206/,,275,VISp,passed,CAM2P.2,275.0,0.785203,512,512
692342247,20180430_377629_TFxSF,692124629,/allen/programs/braintv/production/neuralcoding/prod49/specimen_664744816/ophys_session_692124629/ophys_experiment_692342247/,,275,VISp,failed,CAM2P.2,275.0,0.785203,512,512
692342263,20180430_378346_TargetedContrast,692130296,/allen/programs/braintv/production/neuralcoding/prod50/specimen_671540231/ophys_session_692130296/ophys_experiment_692342263/,,275,VISp,passed,CAM2P.1,275.0,0.785203,512,512
693286852,20180502_378346_TFSF,693163207,/allen/programs/braintv/production/neuralcoding/prod50/specimen_671540231/ophys_session_693163207/ophys_experiment_693286852/,,275,VISp,passed,CAM2P.1,275.0,0.785203,512,512
695545028,20180508_378346_TargetedContrast,695414843,/allen/programs/braintv/production/neuralcoding/prod50/specimen_671540231/ophys_session_695414843/ophys_experiment_695545028/,,275,VISp,passed,CAM2P.1,275.0,0.785203,512,512
692342504,20180430_377151_2P1_VISp_275um_TFxSF,692308988,/allen/programs/braintv/production/neuralcoding/prod49/specimen_666839638/ophys_session_692308988/ophys_experiment_692342504/,,275,VISp,passed,CAM2P.1,275.0,0.785203,512,512
692867734,20180501_377151_VISp_275um_ContrastTuning,692796041,/allen/programs/braintv/production/neuralcoding/prod49/specimen_666839638/ophys_session_692796041/ophys_experiment_692867734/,,275,VISp,passed,CAM2P.1,275.0,0.785203,512,512
695087599,20180507_377321_2P1_VISp_275um_ContrastTuning,694856258,/allen/programs/braintv/production/neuralcoding/prod48/specimen_664605504/ophys_session_694856258/ophys_experiment_695087599/,,275,VISp,passed,CAM2P.1,275.0,0.785203,512,512
696155322,20180509_377321_2P2_VISp_275um_TFxSF,696130311,/allen/programs/braintv/production/neuralcoding/prod48/specimen_664605504/ophys_session_696130311/ophys_experiment_696155322/,,275,VISp,passed,CAM2P.2,275.0,0.785203,512,512
692342615,20180430_377321_2P2_VISp_275um_TFxSF,692310299,/allen/programs/braintv/production/neuralcoding/prod48/specimen_664605504/ophys_session_692310299/ophys_experiment_692342615/,,275,VISp,failed,CAM2P.2,275.0,0.785203,512,512
692864565,20180501_378346_TargetedContrast,692713539,/allen/programs/braintv/production/neuralcoding/prod50/specimen_671540231/ophys_session_692713539/ophys_experiment_692864565/,,275,VISpm,passed,CAM2P.1,275.0,0.785203,512,512
693881298,20180503_377629_TFSF,693710061,/allen/programs/braintv/production/neuralcoding/prod49/specimen_664744816/ophys_session_693710061/ophys_experiment_693881298/,,275,VISpm,failed,CAM2P.2,275.0,0.785203,512,512
692870592,20180501_377629_TFSF,692708565,/allen/programs/braintv/production/neuralcoding/prod49/specimen_664744816/ophys_session_692708565/ophys_experiment_692870592/,,275,VISpm,failed,CAM2P.2,275.0,0.785203,512,512
695068579,20180507_377629_TFSF,694754690,/allen/programs/braintv/production/neuralcoding/prod49/specimen_664744816/ophys_session_694754690/ophys_experiment_695068579/,,275,VISpm,failed,CAM2P.2,275.0,0.785203,512,512
697825999,20180514_377629_TFSF,697606136,/allen/programs/braintv/production/neuralcoding/prod49/specimen_664744816/ophys_session_697606136/ophys_experiment_697825999/,,275,VISpm,failed,CAM2P.2,275.0,0.785203,512,512
699155091,20180517_377629_TFSF,698999602,/allen/programs/braintv/production/neuralcoding/prod49/specimen_664744816/ophys_session_698999602/ophys_experiment_699155091/,,275,VISpm,passed,CAM2P.2,275.0,0.785203,512,512
693284800,20180501_381627_TargetedContrast,692496401,/allen/programs/braintv/production/neuralcoding/prod51/specimen_673580710/ophys_session_692496401/ophys_experiment_693284800/,,375,VISp,passed,CAM2P.1,375.0,0.785203,512,512
696153533,20180507_381627_TFxSF,694862252,/allen/programs/braintv/production/neuralcoding/prod51/specimen_673580710/ophys_session_694862252/ophys_experiment_696153533/,,375,VISp,passed,CAM2P.1,375.0,0.785203,512,512
695068593,20180507_381627_RunningDecoding,694681096,/allen/programs/braintv/production/neuralcoding/prod51/specimen_673580710/ophys_session_694681096/ophys_experiment_695068593/,,375,VISp,passed,CAM2P.1,0.0,0.785203,512,512
693876096,20180503_381627_RunningDecoding,693508136,/allen/programs/braintv/production/neuralcoding/prod51/specimen_673580710/ophys_session_693508136/ophys_experiment_693876096/,,375,VISp,passed,CAM2P.1,375.0,0.785203,512,512
697825830,20180514_381627_RunningDecoding,697449744,/allen/programs/braintv/production/neuralcoding/prod51/specimen_673580710/ophys_session_697449744/ophys_experiment_697825830/,,375,VISp,passed,CAM2P.1,400.0,0.785203,512,512
696668121,20180510_381627_TFxSF,696247907,/allen/programs/braintv/production/neuralcoding/prod51/specimen_673580710/ophys_session_696247907/ophys_experiment_696668121/,,375,VISp,passed,CAM2P.1,381.0,0.785203,512,512
704823186,20180601_383647_TargetMovies,704320879,/allen/programs/braintv/production/neuralcoding/prod51/specimen_675881553/ophys_session_704320879/ophys_experiment_704823186/,,275,VISal,passed,CAM2P.2,275.0,0.785203,512,512
693866237,20180503_383647_TargetedContrast,693352070,/allen/programs/braintv/production/neuralcoding/prod51/specimen_675881553/ophys_session_693352070/ophys_experiment_693866237/,,275,VISal,passed,CAM2P.2,275.0,0.785203,512,512
706567162,20180606_383647_TargetMovies,705968023,/allen/programs/braintv/production/neuralcoding/prod51/specimen_675881553/ophys_session_705968023/ophys_experiment_706567162/,,275,VISal,passed,CAM2P.2,275.0,0.785203,512,512
693287459,20180502_377151_2P1_VISl_275um_ContrastTuning,693268220,/allen/programs/braintv/production/neuralcoding/prod49/specimen_666839638/ophys_session_693268220/ophys_experiment_693287459/,,275,VISl,passed,CAM2P.1,275.0,0.785203,512,512
694499242,20180504_377151_2P1_VISal_275um_ContrastTuning,694475497,/allen/programs/braintv/production/neuralcoding/prod49/specimen_666839638/ophys_session_694475497/ophys_experiment_694499242/,,275,VISal,passed,CAM2P.1,255.0,0.785203,512,512
693879688,20180503_377151_2P1_VISal_275um_ContrastTuning,693811236,/allen/programs/braintv/production/neuralcoding/prod49/specimen_666839638/ophys_session_693811236/ophys_experiment_693879688/,,275,VISal,passed,CAM2P.1,275.0,0.785203,512,512
707004229,20180607_383647_TargetMovie,706593995,/allen/programs/braintv/production/neuralcoding/prod51/specimen_675881553/ophys_session_706593995/ophys_experiment_707004229/,,275,VISl,passed,CAM2P.2,279.0,0.785203,512,512
693284816,20180502_383647_TargetedContrast,692896730,/allen/programs/braintv/production/neuralcoding/prod51/specimen_675881553/ophys_session_692896730/ophys_experiment_693284816/,,275,VISl,passed,CAM2P.2,273.0,0.785203,512,512
694499261,20180504_383647_TargetedContrast,693913351,/allen/programs/braintv/production/neuralcoding/prod51/specimen_675881553/ophys_session_693913351/ophys_experiment_694499261/,,275,VISp,passed,CAM2P.2,275.0,0.785203,512,512
695554065,20180508_383647_TargetedTFSF,695123997,/allen/programs/braintv/production/neuralcoding/prod51/specimen_675881553/ophys_session_695123997/ophys_experiment_695554065/,,275,VISp,failed,CAM2P.2,275.0,0.785203,512,512
696154141,20180509_383647_TargetedTFSF,695633877,/allen/programs/braintv/production/neuralcoding/prod51/specimen_675881553/ophys_session_695633877/ophys_experiment_696154141/,,275,VISp,passed,CAM2P.2,275.0,0.785203,512,512
700677872,20180522_383647_TargetTFxSF,700599622,/allen/programs/braintv/production/neuralcoding/prod51/specimen_675881553/ophys_session_700599622/ophys_experiment_700677872/,,275,VISp,passed,CAM2P.2,281.0,0.785203,512,512
707442910,20180608_383647_TargetMovie,707039323,/allen/programs/braintv/production/neuralcoding/prod51/specimen_675881553/ophys_session_707039323/ophys_experiment_707442910/,,275,VISp,passed,CAM2P.2,275.0,0.785203,512,512
705408447,20180604_383647_TargetMovies,704884742,/allen/programs/braintv/production/neuralcoding/prod51/specimen_675881553/ophys_session_704884742/ophys_experiment_705408447/,,275,VISpm,passed,CAM2P.2,281.0,0.785203,512,512
695052001,20180507_383647_TargetedContrast,694568572,/allen/programs/braintv/production/neuralcoding/prod51/specimen_675881553/ophys_session_694568572/ophys_experiment_695052001/,,275,VISpm,passed,CAM2P.2,275.0,0.785203,512,512
705944930,20180605_383647_TargetMovies,705447901,/allen/programs/braintv/production/neuralcoding/prod51/specimen_675881553/ophys_session_705447901/ophys_experiment_705944930/,,275,VISpm,passed,CAM2P.2,275.0,0.785203,512,512
698759135,20180516_379669_TargetedContrast,698273667,/allen/programs/braintv/production/neuralcoding/prod51/specimen_673728456/ophys_session_698273667/ophys_experiment_698759135/,,550,VISp,passed,CAM2P.2,550.0,0.785203,512,512
696668137,20180510_379669_TargetedContrast,696250333,/allen/programs/braintv/production/neuralcoding/prod51/specimen_673728456/ophys_session_696250333/ophys_experiment_696668137/,,550,VISp,passed,CAM2P.2,550.0,0.785203,512,512
697825323,20180514_379669_TFxSF,697392152,/allen/programs/braintv/production/neuralcoding/prod51/specimen_673728456/ophys_session_697392152/ophys_experiment_697825323/,,550,VISp,passed,CAM2P.2,550.0,0.785203,512,512
699154745,20180517_379669_TFxSF,698783733,/allen/programs/braintv/production/neuralcoding/prod51/specimen_673728456/ophys_session_698783733/ophys_experiment_699154745/,,550,VISp,passed,CAM2P.2,550.0,0.785203,512,512
696672708,20180510_377321_2P2_VISal_275um_ContrastTuning,696537321,/allen/programs/braintv/production/neuralcoding/prod48/specimen_664605504/ophys_session_696537321/ophys_experiment_696672708/,,275,VISal,passed,CAM2P.2,271.0,0.785203,512,512
697338144,20180511_383960_TargetedContrast,696742747,/allen/programs/braintv/production/neuralcoding/prod52/specimen_678530120/ophys_session_696742747/ophys_experiment_697338144/,,175,VISp,passed,CAM2P.2,175.0,0.785203,512,512
697823730,20180514_383960_TargetedContrast,697383979,/allen/programs/braintv/production/neuralcoding/prod52/specimen_678530120/ophys_session_697383979/ophys_experiment_697823730/,,175,VISp,passed,CAM2P.1,175.0,0.785203,512,512
698762170,20180516_382481_RunningDecoding,698363196,/allen/programs/braintv/production/neuralcoding/prod51/specimen_675861517/ophys_session_698363196/ophys_experiment_698762170/,,375,VISp,passed,CAM2P.1,375.0,0.785203,512,512
697826134,20180514_382481_TFSF,697608599,/allen/programs/braintv/production/neuralcoding/prod51/specimen_675861517/ophys_session_697608599/ophys_experiment_697826134/,,375,VISp,passed,CAM2P.1,375.0,0.785203,512,512
705948176,20180605_382481_2P2_VISp_375um_VCTEMovies,705774581,/allen/programs/braintv/production/neuralcoding/prod51/specimen_675861517/ophys_session_705774581/ophys_experiment_705948176/,,375,VISp,passed,CAM2P.2,375.0,0.785203,512,512
714162364,20180625_382481_TargetedMovies,713585298,/allen/programs/braintv/production/neuralcoding/prod51/specimen_675861517/ophys_session_713585298/ophys_experiment_714162364/,,375,VISp,passed,CAM2P.1,371.0,0.785203,512,512
699845462,20180518_379899_TargetedContrast,699170716,/allen/programs/braintv/production/neuralcoding/prod51/specimen_673647168/ophys_session_699170716/ophys_experiment_699845462/,,175,VISp,failed,CAM2P.2,175.0,0.785203,512,512
698758406,20180516_379899_TargetedContrast,698273664,/allen/programs/braintv/production/neuralcoding/prod51/specimen_673647168/ophys_session_698273664/ophys_experiment_698758406/,,175,VISp,passed,CAM2P.1,175.0,0.785203,512,512
699154602,20180517_379899_TargetedContrast,698783832,/allen/programs/braintv/production/neuralcoding/prod51/specimen_673647168/ophys_session_698783832/ophys_experiment_699154602/,,175,VISp,passed,CAM2P.1,165.0,0.785203,512,512
703731883,20180530_382481_TargetedMovies,703525416,/allen/programs/braintv/production/neuralcoding/prod51/specimen_675861517/ophys_session_703525416/ophys_experiment_703731883/,,375,VISal,passed,CAM2P.1,375.0,0.785203,512,512
705411087,20180604_382481_TargetedMovies,705162654,/allen/programs/braintv/production/neuralcoding/prod51/specimen_675861517/ophys_session_705162654/ophys_experiment_705411087/,,375,VISal,passed,CAM2P.2,375.0,0.785203,512,512
881844023,20190506_445271_GammaValidation,881419001,/allen/programs/braintv/production/visualbehavior/prod0/specimen_821470815/ophys_session_881419001/ophys_experiment_881844023/,,175,VISp,qc,CAM2P.1,175.0,0.785203,512,512
706569793,20180606_382481_TargetedMovies,706335569,/allen/programs/braintv/production/neuralcoding/prod51/specimen_675861517/ophys_session_706335569/ophys_experiment_706569793/,,375,VISl,passed,CAM2P.2,375.0,0.785203,512,512
704298374,20180530_382138_Movies,703569740,/allen/programs/braintv/production/neuralcoding/prod52/specimen_678653760/ophys_session_703569740/ophys_experiment_704298374/,,550,VISp,failed,CAM2P.1,575.0,0.785203,512,512
703459502,20180523_382138_Contrast,701070416,/allen/programs/braintv/production/neuralcoding/prod52/specimen_678653760/ophys_session_701070416/ophys_experiment_703459502/,,550,VISp,passed,CAM2P.2,550.0,0.785203,512,512
705409734,20180604_382138_Movies,704884981,/allen/programs/braintv/production/neuralcoding/prod52/specimen_678653760/ophys_session_704884981/ophys_experiment_705409734/,,550,VISp,passed,CAM2P.2,550.0,0.785203,512,512
705946388,20180605_382138_Movies,705451120,/allen/programs/braintv/production/neuralcoding/prod52/specimen_678653760/ophys_session_705451120/ophys_experiment_705946388/,,550,VISp,failed,CAM2P.2,550.0,0.785203,512,512
708948312,20180612_387737_TargetMovie,707983207,/allen/programs/braintv/production/neuralcoding/prod53/specimen_687343742/ophys_session_707983207/ophys_experiment_708948312/,,275,VISp,failed,CAM2P.1,273.0,0.785203,512,512
706568974,20180606_387737_TargetMovie,705968514,/allen/programs/braintv/production/neuralcoding/prod53/specimen_687343742/ophys_session_705968514/ophys_experiment_706568974/,,275,VISp,passed,CAM2P.1,275.0,0.785203,512,512
710937087,20180618_387737_TargetMovie,710587430,/allen/programs/braintv/production/neuralcoding/prod53/specimen_687343742/ophys_session_710587430/ophys_experiment_710937087/,,275,VISp,passed,CAM2P.1,275.0,0.785203,512,512
707003873,20180607_387737_TargetMovie,706593595,/allen/programs/braintv/production/neuralcoding/prod53/specimen_687343742/ophys_session_706593595/ophys_experiment_707003873/,,275,VISal,failed,CAM2P.1,267.0,0.785203,512,512
712178318,20180620_387737_TargetMovie,711607667,/allen/programs/braintv/production/neuralcoding/prod53/specimen_687343742/ophys_session_711607667/ophys_experiment_712178318/,,275,VISal,passed,CAM2P.1,277.0,0.785203,512,512
710456088,20180615_387737_TargetMovie,710041629,/allen/programs/braintv/production/neuralcoding/prod53/specimen_687343742/ophys_session_710041629/ophys_experiment_710456088/,,275,VISal,failed,CAM2P.1,279.0,0.785203,512,512
707005820,20180607_382481_TargetedMovies,706822081,/allen/programs/braintv/production/neuralcoding/prod51/specimen_675861517/ophys_session_706822081/ophys_experiment_707005820/,,375,VISpm,passed,CAM2P.2,365.0,0.785203,512,512
710336422,20180612_382481_TargetedMovies,708348538,/allen/programs/braintv/production/neuralcoding/prod51/specimen_675861517/ophys_session_708348538/ophys_experiment_710336422/,,375,VISpm,failed,CAM2P.2,379.0,0.785203,512,512
707917296,20180611_382481_TargetedMovies,707726768,/allen/programs/braintv/production/neuralcoding/prod51/specimen_675861517/ophys_session_707726768/ophys_experiment_707917296/,,375,VISpm,failed,CAM2P.2,371.0,0.785203,512,512
714778152,20180626_382481_TargetedMovies,714208678,/allen/programs/braintv/production/neuralcoding/prod51/specimen_675861517/ophys_session_714208678/ophys_experiment_714778152/,,375,VISpm,passed,CAM2P.1,371.0,0.785203,512,512
707442932,20180608_387737_TargetMovie,707039312,/allen/programs/braintv/production/neuralcoding/prod53/specimen_687343742/ophys_session_707039312/ophys_experiment_707442932/,,275,VISpm,failed,CAM2P.1,273.0,0.785203,512,512
709935434,20180614_387737_TargetMovie,709528470,/allen/programs/braintv/production/neuralcoding/prod53/specimen_687343742/ophys_session_709528470/ophys_experiment_709935434/,,275,VISpm,passed,CAM2P.1,281.0,0.785203,512,512
711590145,20180619_387737_TargetMovie,710959478,/allen/programs/braintv/production/neuralcoding/prod53/specimen_687343742/ophys_session_710959478/ophys_experiment_711590145/,,275,VISpm,passed,CAM2P.1,277.0,0.785203,512,512
709505483,20180613_387737_TargetMovie,708984043,/allen/programs/braintv/production/neuralcoding/prod53/specimen_687343742/ophys_session_708984043/ophys_experiment_709505483/,,275,VISl,failed,CAM2P.1,275.0,0.785203,512,512
707912780,20180611_387737_TargetMovie,707485818,/allen/programs/braintv/production/neuralcoding/prod53/specimen_687343742/ophys_session_707485818/ophys_experiment_707912780/,,275,VISl,passed,CAM2P.1,275.0,0.785203,512,512
712178881,20180620_390319_VISal_175um_2P2_VCTEContrast,712155740,/allen/programs/braintv/production/neuralcoding/prod54/specimen_699590236/ophys_session_712155740/ophys_experiment_712178881/,,175,VISal,passed,CAM2P.2,175.0,0.785203,512,512
720870973,20180717_390319_2P2_VISal_175um_VCTETFxSF,720757419,/allen/programs/braintv/production/neuralcoding/prod54/specimen_699590236/ophys_session_720757419/ophys_experiment_720870973/,,175,VISal,passed,CAM2P.2,175.0,0.785203,512,512
714778805,20180626_390319_VISp_175um_2P2_VCTEContrast,714693165,/allen/programs/braintv/production/neuralcoding/prod54/specimen_699590236/ophys_session_714693165/ophys_experiment_714778805/,,275,VISp,failed,CAM2P.2,175.0,0.785203,512,512
715926138,20180628_390323_2P1_VISp_175um_VCTEMovie,715796961,/allen/programs/braintv/production/neuralcoding/prod54/specimen_699502603/ophys_session_715796961/ophys_experiment_715926138/,,175,VISp,passed,CAM2P.1,165.0,0.785203,512,512
715228658,20180627_390323_2P1_VISp_175um_VCTEMovie,715162349,/allen/programs/braintv/production/neuralcoding/prod54/specimen_699502603/ophys_session_715162349/ophys_experiment_715228658/,,175,VISp,passed,CAM2P.1,175.0,0.785203,512,512
724253650,20180723_390324_2P1_VISp_175um_VCTERunDec,723736689,/allen/programs/braintv/production/neuralcoding/prod54/specimen_699502603/ophys_session_723736689/ophys_experiment_724253650/,,175,VISp,passed,CAM2P.1,175.0,0.785203,512,512
723148283,20180720_390319_2P2_VISp_175um_VCTERunDec,722975630,/allen/programs/braintv/production/neuralcoding/prod54/specimen_699590236/ophys_session_722975630/ophys_experiment_723148283/,,175,VISp,passed,CAM2P.2,185.0,0.785203,512,512
715228696,20180627_390319_VISp_175um_2P2_VCTEContrast,715157918,/allen/programs/braintv/production/neuralcoding/prod54/specimen_699590236/ophys_session_715157918/ophys_experiment_715228696/,,175,VISp,failed,CAM2P.2,175.0,0.785203,512,512
715926120,20180628_390319_2P2_VISp_175um_VCTEContrast,715763977,/allen/programs/braintv/production/neuralcoding/prod54/specimen_699590236/ophys_session_715763977/ophys_experiment_715926120/,,175,VISp,failed,CAM2P.2,189.0,0.785203,512,512
717913499,20180706_390319_2P2_VISp_175um_VCTETFxSF,717728964,/allen/programs/braintv/production/neuralcoding/prod54/specimen_699590236/ophys_session_717728964/ophys_experiment_717913499/,,175,VISp,failed,CAM2P.2,175.0,0.785203,512,512
720040162,201897113_390319_2P2_175um_VISp_VCTETFxSF,719893937,/allen/programs/braintv/production/neuralcoding/prod54/specimen_699590236/ophys_session_719893937/ophys_experiment_720040162/,,175,VISp,passed,CAM2P.2,175.0,0.785203,512,512
724259696,20180724_390319_VISp_175um_2P2_VCTEContrast,724192020,/allen/programs/braintv/production/neuralcoding/prod54/specimen_699590236/ophys_session_724192020/ophys_experiment_724259696/,,175,VISp,failed,CAM2P.2,175.0,0.785203,512,512
730344472,20180803_390319_2P2_VISp_175um_VCTEContrast,729970781,/allen/programs/braintv/production/neuralcoding/prod54/specimen_699590236/ophys_session_729970781/ophys_experiment_730344472/,,175,VISp,failed,CAM2P.2,175.0,0.785203,512,512
724828184,20180725_390319_TargetedContrast,724712005,/allen/programs/braintv/production/neuralcoding/prod54/specimen_699590236/ophys_session_724712005/ophys_experiment_724828184/,,175,VISp,passed,CAM2P.2,173.0,0.785203,512,512
729922349,20180730_390319_VISp_175um_2P2_VCTEContrast,727153911,/allen/programs/braintv/production/neuralcoding/prod54/specimen_699590236/ophys_session_727153911/ophys_experiment_729922349/,,175,VISp,passed,CAM2P.2,165.0,0.785203,512,512
716655295,20180702_390319_2P2_VISam_175um_VCTEContrast,716532289,/allen/programs/braintv/production/neuralcoding/prod54/specimen_699590236/ophys_session_716532289/ophys_experiment_716655295/,,175,VISam,passed,CAM2P.2,175.0,0.785203,512,512
719333039,20180712_390319_2P2_VISam_175um_VCTETFxSF,718830277,/allen/programs/braintv/production/neuralcoding/prod54/specimen_699590236/ophys_session_718830277/ophys_experiment_719333039/,,175,VISam,passed,CAM2P.2,175.0,0.785203,512,512
720846063,20180717_389014_OpenscopeMeaningful,720422565,/allen/programs/braintv/production/neuralcoding/prod53/specimen_697010588/ophys_session_720422565/ophys_experiment_720846063/,,175,VISpm,failed,CAM2P.1,173.0,0.785203,512,512
718387464,20180709_390323_2P1_VISrl_175um_VCTEMovies,718205352,/allen/programs/braintv/production/neuralcoding/prod54/specimen_699502603/ophys_session_718205352/ophys_experiment_718387464/,,175,VISrl,passed,CAM2P.1,175.0,0.785203,512,512
719334221,20180712_390323_2P1_VISrl_175um_VCTEMovies,718653721,/allen/programs/braintv/production/neuralcoding/prod54/specimen_699502603/ophys_session_718653721/ophys_experiment_719334221/,,175,VISrl,passed,CAM2P.1,175.0,0.785203,512,512
718387918,20180709_390319_VISlm_2P2_175um_VCTETFxSF,718204062,/allen/programs/braintv/production/neuralcoding/prod54/specimen_699590236/ophys_session_718204062/ophys_experiment_718387918/,,175,VISl,passed,CAM2P.2,175.0,0.785203,512,512
718675296,20180710_390319_2P2_VISpm_175um_VCTETFxSF,718651940,/allen/programs/braintv/production/neuralcoding/prod54/specimen_699590236/ophys_session_718651940/ophys_experiment_718675296/,,175,VISpm,passed,CAM2P.2,175.0,0.785203,512,512
722566471,20180719_390319_2P1_VISpm_175um_VCTEContrast,722443494,/allen/programs/braintv/production/neuralcoding/prod54/specimen_699590236/ophys_session_722443494/ophys_experiment_722566471/,,175,VISpm,passed,CAM2P.1,175.0,0.785203,512,512
720040203,20180713_390323_2P1_175um_VISam_VCTEMovies,719905581,/allen/programs/braintv/production/neuralcoding/prod54/specimen_699502603/ophys_session_719905581/ophys_experiment_720040203/,,175,VISam,failed,CAM2P.1,175.0,0.785203,512,512
726474483,20180726_390323_2P1_VISam_175um_VCTEMovies,726323768,/allen/programs/braintv/production/neuralcoding/prod54/specimen_699502603/ophys_session_726323768/ophys_experiment_726474483/,,175,VISam,failed,CAM2P.1,175.0,0.785203,512,512
720856830,20180717_390323_VISam_2P1_175um_VCTEMovies,720719445,/allen/programs/braintv/production/neuralcoding/prod54/specimen_699502603/ophys_session_720719445/ophys_experiment_720856830/,,175,VISam,passed,CAM2P.1,175.0,0.785203,512,512
729463064,20180802_390323_2P1_175um_VISam_VCTEMovies,729418115,/allen/programs/braintv/production/neuralcoding/prod54/specimen_699502603/ophys_session_729418115/ophys_experiment_729463064/,,175,VISam,passed,CAM2P.1,175.0,0.785203,512,512
723148263,20180721_390323_2P1_VISal_175um_VCTEMovies,722990925,/allen/programs/braintv/production/neuralcoding/prod54/specimen_699502603/ophys_session_722990925/ophys_experiment_723148263/,,175,VISal,passed,CAM2P.1,175.0,0.785203,512,512
722569770,20180719_390323_2P1_175um_VISal_VCTEMovies,722470648,/allen/programs/braintv/production/neuralcoding/prod54/specimen_699502603/ophys_session_722470648/ophys_experiment_722569770/,,175,VISal,passed,CAM2P.2,175.0,0.785203,512,512
723829905,20180723_395485_Targeted,723600831,/allen/programs/braintv/production/neuralcoding/prod55/specimen_707287196/ophys_session_723600831/ophys_experiment_723829905/,,275,VISp,passed,CAM2P.2,275.0,0.785203,512,512
724251668,20180724_395479_TargetedMovies,724160728,/allen/programs/braintv/production/neuralcoding/prod56/specimen_707294626/ophys_session_724160728/ophys_experiment_724251668/,,275,VISl,qc,CAM2P.2,275.0,0.785203,512,512
724269252,20180724_395485_Targeted,724157802,/allen/programs/braintv/production/neuralcoding/prod55/specimen_707287196/ophys_session_724157802/ophys_experiment_724269252/,,275,VISl,passed,CAM2P.1,260.0,0.785203,512,512
730339731,20180803_397000_RunningDecoding,729486130,/allen/programs/braintv/production/neuralcoding/prod56/specimen_710318403/ophys_session_729486130/ophys_experiment_730339731/,,175,VISp,passed,CAM2P.1,177.0,0.785203,512,512
729460742,20180802_397000_RunningDecoding,728913582,/allen/programs/braintv/production/neuralcoding/prod56/specimen_710318403/ophys_session_728913582/ophys_experiment_729460742/,,175,VISp,passed,CAM2P.1,171.0,0.785203,512,512
728872967,20180801_397000_TargetedContrast,728188287,/allen/programs/braintv/production/neuralcoding/prod56/specimen_710318403/ophys_session_728188287/ophys_experiment_728872967/,,175,VISp,passed,CAM2P.1,177.0,0.785203,512,512
731011874,20180806_397000_RuningDecoding,730569133,/allen/programs/braintv/production/neuralcoding/prod56/specimen_710318403/ophys_session_730569133/ophys_experiment_731011874/,,175,VISl,passed,CAM2P.1,183.0,0.785203,512,512
732907170,20180808_397000_TargetedContrast,732239538,/allen/programs/braintv/production/neuralcoding/prod56/specimen_710318403/ophys_session_732239538/ophys_experiment_732907170/,,175,VISl,passed,CAM2P.1,171.0,0.785203,512,512
735671651,20180810_397000_TargetContrast,734322185,/allen/programs/braintv/production/neuralcoding/prod56/specimen_710318403/ophys_session_734322185/ophys_experiment_735671651/,,175,VISl,passed,CAM2P.1,165.0,0.785203,512,512
732132337,20180807_397000_TargetedContrast,731095575,/allen/programs/braintv/production/neuralcoding/prod56/specimen_710318403/ophys_session_731095575/ophys_experiment_732132337/,,175,VISal,passed,CAM2P.1,177.0,0.785203,512,512
737559350,20180815_395487_VISlm_275um_2P1_VCTEMovies,737416775,/allen/programs/braintv/production/neuralcoding/prod56/specimen_710247765/ophys_session_737416775/ophys_experiment_737559350/,,275,VISl,passed,CAM2P.1,274.0,0.785203,512,512
738070084,20180816_395487_VCTEMovies,737727977,/allen/programs/braintv/production/neuralcoding/prod56/specimen_710247765/ophys_session_737727977/ophys_experiment_738070084/,,275,VISal,passed,CAM2P.2,260.0,0.785203,512,512
752473219,20180911_407302_TargetContrast,750551095,/allen/programs/braintv/production/neuralcoding/prod58/specimen_726138104/ophys_session_750551095/ophys_experiment_752473219/,,375,VISp,passed,CAM2P.1,391.0,0.785203,512,512
752473762,20180912_407302_TargetContrast,750900420,/allen/programs/braintv/production/neuralcoding/prod58/specimen_726138104/ophys_session_750900420/ophys_experiment_752473762/,,375,VISp,passed,CAM2P.1,383.0,0.785203,512,512
755645391,20180919_407302_TargetMovie,755024030,/allen/programs/braintv/production/neuralcoding/prod58/specimen_726138104/ophys_session_755024030/ophys_experiment_755645391/,,375,VISp,passed,CAM2P.1,407.0,0.785203,512,512
756780092,20180920_407302_TargetMovie,755667917,/allen/programs/braintv/production/neuralcoding/prod58/specimen_726138104/ophys_session_755667917/ophys_experiment_756780092/,,375,VISam,failed,CAM2P.1,333.0,0.785203,512,512
753238685,20180913_407302_NaturalMovies,752498336,/allen/programs/braintv/production/neuralcoding/prod58/specimen_726138104/ophys_session_752498336/ophys_experiment_753238685/,,375,VISam,failed,CAM2P.1,421.0,0.785203,512,512
759576852,20180928_407302_TargetMovie,759291234,/allen/programs/braintv/production/neuralcoding/prod58/specimen_726138104/ophys_session_759291234/ophys_experiment_759576852/,,375,VISam,passed,CAM2P.1,431.0,0.785203,512,512
754047940,20180914_407302_NaturalMovies,753350374,/allen/programs/braintv/production/neuralcoding/prod58/specimen_726138104/ophys_session_753350374/ophys_experiment_754047940/,,375,VISl,passed,CAM2P.1,377.0,0.785203,512,512
754579059,20180917_407302_TargetMovies,754117864,/allen/programs/braintv/production/neuralcoding/prod58/specimen_726138104/ophys_session_754117864/ophys_experiment_754579059/,,375,VISpm,passed,CAM2P.1,371.0,0.785203,512,512
755652534,20180919_402698_2P2_VISal_175um_VCTEContrast,755605536,/allen/programs/braintv/production/neuralcoding/prod58/specimen_727126845/ophys_session_755605536/ophys_experiment_755652534/,,175,VISal,failed,CAM2P.2,175.0,0.785203,512,512
793704686,20181211_421586_TSxSF,792881014,/allen/programs/braintv/production/neuralcoding/prod59/specimen_763247322/ophys_session_792881014/ophys_experiment_793704686/,,275,VISal,passed,CAM2P.1,275.0,0.785203,512,512
756118774,20180920_402698_2P2_VISam_175um_VCTEContrast,756102026,/allen/programs/braintv/production/neuralcoding/prod58/specimen_727126845/ophys_session_756102026/ophys_experiment_756118774/,,175,VISam,passed,CAM2P.2,175.0,0.785203,512,512
757628184,20180924_402698_2P2_VISp_175um_VCTEContrast,757577339,/allen/programs/braintv/production/neuralcoding/prod58/specimen_727126845/ophys_session_757577339/ophys_experiment_757628184/,,175,VISp,failed,CAM2P.2,175.0,0.785203,512,512
756781238,20180921_402698_2P2_VISp_175um_VCTEContrast,756685538,/allen/programs/braintv/production/neuralcoding/prod58/specimen_727126845/ophys_session_756685538/ophys_experiment_756781238/,,175,VISp,failed,CAM2P.2,175.0,0.785203,512,512
758311187,20180925_402698_2P2_VISrl_175um_VCTEContrast,758174708,/allen/programs/braintv/production/neuralcoding/prod58/specimen_727126845/ophys_session_758174708/ophys_experiment_758311187/,,175,VISrl,failed,CAM2P.2,175.0,0.785203,512,512
760094336,20181002_402698_VCTEContrast,759993898,/allen/programs/braintv/production/neuralcoding/prod58/specimen_727126845/ophys_session_759993898/ophys_experiment_760094336/,,175,VISrl,failed,CAM2P.2,190.0,0.785203,512,512
790686762,20181204_422019_TargetContrast,790232809,/allen/programs/braintv/production/neuralcoding/prod59/specimen_765991985/ophys_session_790232809/ophys_experiment_790686762/,,175,VISrl,passed,CAM2P.2,177.0,0.785203,512,512
1028268930,20200605_510079,1028152571,/allen/programs/braintv/production/neuralcoding/prod57/specimen_1003295217/ophys_session_1028152571/ophys_experiment_1028268930/,,175,VISp,failed,CAM2P.2,179.0,0.785203,512,512
766806929,20181022_412938_RunningDecoding,766651427,/allen/programs/braintv/production/neuralcoding/prod58/specimen_745634050/ophys_session_766651427/ophys_experiment_766806929/,,175,VISp,passed,CAM2P.2,155.0,0.785203,512,512
766272402,20181019_412938_RunDecoding,765930355,/allen/programs/braintv/production/neuralcoding/prod58/specimen_745634050/ophys_session_765930355/ophys_experiment_766272402/,,175,VISp,passed,CAM2P.2,175.0,0.785203,512,512
762852928,20181011_412938_VCTEContrast,762656639,/allen/programs/braintv/production/neuralcoding/prod58/specimen_745634050/ophys_session_762656639/ophys_experiment_762852928/,,175,VISp,passed,CAM2P.2,150.0,0.785203,512,512
763403184,20181012_412938_VCTEContrast,763196272,/allen/programs/braintv/production/neuralcoding/prod58/specimen_745634050/ophys_session_763196272/ophys_experiment_763403184/,,175,VISp,passed,CAM2P.2,155.0,0.785203,512,512
764127210,20181015_412938_VCTEMovies,763822019,/allen/programs/braintv/production/neuralcoding/prod58/specimen_745634050/ophys_session_763822019/ophys_experiment_764127210/,,175,VISrl,passed,CAM2P.2,180.0,0.785203,512,512
769537982,20181026_412938_Movies,769226630,/allen/programs/braintv/production/neuralcoding/prod58/specimen_745634050/ophys_session_769226630/ophys_experiment_769537982/,,175,VISrl,passed,CAM2P.2,175.0,0.785203,512,512
765520297,20181018_412938_Movies,765388758,/allen/programs/braintv/production/neuralcoding/prod58/specimen_745634050/ophys_session_765388758/ophys_experiment_765520297/,,175,VISrl,failed,CAM2P.2,185.0,0.785203,512,512
774437738,20181101_412938_Movies,772121537,/allen/programs/braintv/production/neuralcoding/prod58/specimen_745634050/ophys_session_772121537/ophys_experiment_774437738/,,175,VISrl,passed,CAM2P.2,175.0,0.785203,512,512
764530831,20181016_413743_TargetContrast,764182166,/allen/programs/braintv/production/neuralcoding/prod58/specimen_746926904/ophys_session_764182166/ophys_experiment_764530831/,,175,VISrl,passed,CAM2P.1,181.0,0.785203,512,512
768897546,20181025_413743_TargetContrast,768253835,/allen/programs/braintv/production/neuralcoding/prod58/specimen_746926904/ophys_session_768253835/ophys_experiment_768897546/,,175,VISrl,passed,CAM2P.1,175.0,0.785203,512,512
772154302,20181101_413743_RL_175um_2p2_TFxSF,771835340,/allen/programs/braintv/production/neuralcoding/prod58/specimen_746926904/ophys_session_771835340/ophys_experiment_772154302/,,175,VISrl,passed,CAM2P.2,175.0,0.785203,512,512
770646886,20181030_413743_TFxSF,770127462,/allen/programs/braintv/production/neuralcoding/prod58/specimen_746926904/ophys_session_770127462/ophys_experiment_770646886/,,175,VISrl,passed,CAM2P.1,165.0,0.785203,512,512
771635906,20181031_413743_TFxSF,770687839,/allen/programs/braintv/production/neuralcoding/prod58/specimen_746926904/ophys_session_770687839/ophys_experiment_771635906/,,175,VISrl,passed,CAM2P.2,181.0,0.785203,512,512
764531558,20181016_413747_TargetContrast,764175792,/allen/programs/braintv/production/neuralcoding/prod58/specimen_746910369/ophys_session_764175792/ophys_experiment_764531558/,,175,VISam,passed,CAM2P.2,167.0,0.785203,512,512
764969358,20181017_413747_TargetContrast,764554525,/allen/programs/braintv/production/neuralcoding/prod58/specimen_746910369/ophys_session_764554525/ophys_experiment_764969358/,,175,VISam,passed,CAM2P.2,173.0,0.785203,512,512
764531856,20181016_412938_VCTEMovies,764456668,/allen/programs/braintv/production/neuralcoding/prod58/specimen_745634050/ophys_session_764456668/ophys_experiment_764531856/,,175,VISl,passed,CAM2P.2,175.0,0.785203,512,512
767421356,20181023_413743_TargetMovies,766830752,/allen/programs/braintv/production/neuralcoding/prod58/specimen_746926904/ophys_session_766830752/ophys_experiment_767421356/,,175,VISal,passed,CAM2P.1,179.0,0.785203,512,512
764969257,20181017_413743_TargetContrast,764555173,/allen/programs/braintv/production/neuralcoding/prod58/specimen_746926904/ophys_session_764555173/ophys_experiment_764969257/,,175,VISal,passed,CAM2P.1,179.0,0.785203,512,512
764970157,20181017_412938_VCTEMovies,764797295,/allen/programs/braintv/production/neuralcoding/prod58/specimen_745634050/ophys_session_764797295/ophys_experiment_764970157/,,175,VISal,passed,CAM2P.2,165.0,0.785203,512,512
768230502,20181024_413743_TargetContrast,767455758,/allen/programs/braintv/production/neuralcoding/prod58/specimen_746926904/ophys_session_767455758/ophys_experiment_768230502/,,175,VISl,passed,CAM2P.1,175.0,0.785203,512,512
765511720,20181018_413743_TargetContrast,765019765,/allen/programs/braintv/production/neuralcoding/prod58/specimen_746926904/ophys_session_765019765/ophys_experiment_765511720/,,175,VISl,passed,CAM2P.1,171.0,0.785203,512,512
766805098,20181022_413743_TargetMovies,766321238,/allen/programs/braintv/production/neuralcoding/prod58/specimen_746926904/ophys_session_766321238/ophys_experiment_766805098/,,175,VISl,passed,CAM2P.1,183.0,0.785203,512,512
769536358,20181026_413743_TargetMovies,768939913,/allen/programs/braintv/production/neuralcoding/prod58/specimen_746926904/ophys_session_768939913/ophys_experiment_769536358/,,175,VISl,passed,CAM2P.1,175.0,0.785203,512,512
765513528,20181018_413747_TargetMovies,765000590,/allen/programs/braintv/production/neuralcoding/prod58/specimen_746910369/ophys_session_765000590/ophys_experiment_765513528/,,175,VISpm,passed,CAM2P.2,171.0,0.785203,512,512
767421699,20181023_413747_TFxSF,766830331,/allen/programs/braintv/production/neuralcoding/prod58/specimen_746910369/ophys_session_766830331/ophys_experiment_767421699/,,175,VISpm,passed,CAM2P.2,169.0,0.785203,512,512
768898780,20181025_413747_TFxSF,768253493,/allen/programs/braintv/production/neuralcoding/prod58/specimen_746910369/ophys_session_768253493/ophys_experiment_768898780/,,175,VISpm,passed,CAM2P.2,171.0,0.785203,512,512
766270149,20181019_413747_TargetMovies,765555852,/allen/programs/braintv/production/neuralcoding/prod58/specimen_746910369/ophys_session_765555852/ophys_experiment_766270149/,,175,VISpm,passed,CAM2P.2,183.0,0.785203,512,512
766269709,20181019_413743_RunningDecoding,765556204,/allen/programs/braintv/production/neuralcoding/prod58/specimen_746926904/ophys_session_765556204/ophys_experiment_766269709/,,175,VISp,passed,CAM2P.1,161.0,0.785203,512,512
770103249,20181029_413743_TFxSF,769667739,/allen/programs/braintv/production/neuralcoding/prod58/specimen_746926904/ophys_session_769667739/ophys_experiment_770103249/,,175,VISp,passed,CAM2P.1,179.0,0.785203,512,512
766805249,20181022_413747_TFxSF,766321179,/allen/programs/braintv/production/neuralcoding/prod58/specimen_746910369/ophys_session_766321179/ophys_experiment_766805249/,,175,VISrl,passed,CAM2P.2,185.0,0.785203,512,512
770103366,20181029_413747_TFxSF,769667208,/allen/programs/braintv/production/neuralcoding/prod58/specimen_746910369/ophys_session_769667208/ophys_experiment_770103366/,,175,VISrl,passed,CAM2P.2,175.0,0.785203,512,512
768230720,20181024_413747_TFxSF,767441755,/allen/programs/braintv/production/neuralcoding/prod58/specimen_746910369/ophys_session_767441755/ophys_experiment_768230720/,,175,VISp,passed,CAM2P.2,179.0,0.785203,512,512
769536618,20181026_413747_TFxSF,768939823,/allen/programs/braintv/production/neuralcoding/prod58/specimen_746910369/ophys_session_768939823/ophys_experiment_769536618/,,175,VISp,passed,CAM2P.2,181.0,0.785203,512,512
768902482,20181025_414035_Contrast,768606677,/allen/programs/braintv/production/neuralcoding/prod58/specimen_754469470/ophys_session_768606677/ophys_experiment_768902482/,,550,VISp,failed,CAM2P.2,540.0,0.785203,512,512
771637043,20181031_414035_Movies,771038415,/allen/programs/braintv/production/neuralcoding/prod58/specimen_754469470/ophys_session_771038415/ophys_experiment_771637043/,,550,VISp,passed,CAM2P.2,555.0,0.785203,512,512
775059477,20181107_414035_Movies,775006571,/allen/programs/braintv/production/neuralcoding/prod58/specimen_754469470/ophys_session_775006571/ophys_experiment_775059477/,,550,VISp,passed,CAM2P.2,555.0,0.785203,512,512
774436864,20181030_414035_Contrast,770236738,/allen/programs/braintv/production/neuralcoding/prod58/specimen_754469470/ophys_session_770236738/ophys_experiment_774436864/,,550,VISp,passed,CAM2P.2,565.0,0.785203,512,512
773915855,20181105_414035_Movies,773742844,/allen/programs/braintv/production/neuralcoding/prod58/specimen_754469470/ophys_session_773742844/ophys_experiment_773915855/,,550,VISp,passed,CAM2P.2,570.0,0.785203,512,512
771637338,20181031_414205_Contrast,771154155,/allen/programs/braintv/production/neuralcoding/prod59/specimen_760696809/ophys_session_771154155/ophys_experiment_771637338/,,275,VISal,passed,CAM2P.2,265.0,0.785203,512,512
770650288,20181030_414205_Contrast,770235078,/allen/programs/braintv/production/neuralcoding/prod59/specimen_760696809/ophys_session_770235078/ophys_experiment_770650288/,,275,VISal,passed,CAM2P.1,295.0,0.785203,512,512
771636685,20181031_414560_Movies,770921623,/allen/programs/braintv/production/neuralcoding/prod59/specimen_756677939/ophys_session_770921623/ophys_experiment_771636685/,,375,VISal,failed,CAM2P.2,365.0,0.785203,512,512
772153998,20181101_413742_TFxSF,771658602,/allen/programs/braintv/production/neuralcoding/prod58/specimen_753852001/ophys_session_771658602/ophys_experiment_772153998/,,175,VISal,passed,CAM2P.2,179.0,0.785203,512,512
776434214,20181109_413742_TargetRunDecode,775627034,/allen/programs/braintv/production/neuralcoding/prod58/specimen_753852001/ophys_session_775627034/ophys_experiment_776434214/,,175,VISal,passed,CAM2P.2,175.0,0.785203,512,512
772996138,20181102_413742_TFxSF,772172502,/allen/programs/braintv/production/neuralcoding/prod58/specimen_753852001/ophys_session_772172502/ophys_experiment_772996138/,,175,VISl,passed,CAM2P.2,160.0,0.785203,512,512
772998647,20181101_414205_contrast,772613825,/allen/programs/braintv/production/neuralcoding/prod59/specimen_760696809/ophys_session_772613825/ophys_experiment_772998647/,,275,VISl,passed,CAM2P.2,265.0,0.785203,512,512
774439100,20181106_414205_contrast,774367386,/allen/programs/braintv/production/neuralcoding/prod59/specimen_760696809/ophys_session_774367386/ophys_experiment_774439100/,,275,VISl,passed,CAM2P.2,255.0,0.785203,512,512
773914026,20181105_413747_TargetRunDecode,773079681,/allen/programs/braintv/production/neuralcoding/prod58/specimen_746910369/ophys_session_773079681/ophys_experiment_773914026/,,175,VISl,passed,CAM2P.2,179.0,0.785203,512,512
773915289,20181105_414202_Targeted,773643161,/allen/programs/braintv/production/neuralcoding/prod59/specimen_759066288/ophys_session_773643161/ophys_experiment_773915289/,,275,VISal,passed,CAM2P.2,287.0,0.785203,512,512
774438172,20181106_413747_TargetRunDecode,773939791,/allen/programs/braintv/production/neuralcoding/prod58/specimen_746910369/ophys_session_773939791/ophys_experiment_774438172/,,175,VISal,passed,CAM2P.2,175.0,0.785203,512,512
775059274,20181107_414202_Contrast,774835587,/allen/programs/braintv/production/neuralcoding/prod59/specimen_759066288/ophys_session_774835587/ophys_experiment_775059274/,,275,VISp,passed,CAM2P.2,280.0,0.785203,512,512
774438672,20181106_414202_contrast,774223572,/allen/programs/braintv/production/neuralcoding/prod59/specimen_759066288/ophys_session_774223572/ophys_experiment_774438672/,,275,VISp,passed,CAM2P.2,250.0,0.785203,512,512
774438893,20181106_414035_running_decoding,774337597,/allen/programs/braintv/production/neuralcoding/prod58/specimen_754469470/ophys_session_774337597/ophys_experiment_774438893/,,550,VISl,passed,CAM2P.2,535.0,0.785203,512,512
775059059,20181107_414556_VCTE_Movies,774756986,/allen/programs/braintv/production/neuralcoding/prod58/specimen_753847689/ophys_session_774756986/ophys_experiment_775059059/,,375,VISal,passed,CAM2P.2,375.0,0.785203,512,512
776362676,20181108_413742_TFxSF,775065195,/allen/programs/braintv/production/neuralcoding/prod58/specimen_753852001/ophys_session_775065195/ophys_experiment_776362676/,,175,VISam,passed,CAM2P.2,169.0,0.785203,512,512
776393625,20181108_414205_contrast,775405015,/allen/programs/braintv/production/neuralcoding/prod59/specimen_760696809/ophys_session_775405015/ophys_experiment_776393625/,,275,VISpm,passed,CAM2P.2,275.0,0.785203,512,512
778058189,20181112_414556_VCTE_Movies,777032048,/allen/programs/braintv/production/neuralcoding/prod58/specimen_753847689/ophys_session_777032048/ophys_experiment_778058189/,,375,VISl,passed,CAM2P.2,375.0,0.785203,512,512
794374363,20181212_422893_VISal_175um_2P2_Contrast,794323004,/allen/programs/braintv/production/neuralcoding/prod60/specimen_769316535/ophys_session_794323004/ophys_experiment_794374363/,,175,VISal,qc,CAM2P.2,175.0,0.785203,512,512
1029307576,20200610_511504_Session1,1029207865,/allen/programs/braintv/production/neuralcoding/prod65/specimen_1007329293/ophys_session_1029207865/ophys_experiment_1029307576/,,175,VISp,passed,CAM2P.2,375.0,0.785203,512,512
1030375492,20200616_511508_session1,1030282145,/allen/programs/braintv/production/neuralcoding/prod65/specimen_1008586533/ophys_session_1030282145/ophys_experiment_1030375492/,,375,VISp,passed,CAM2P.2,375.0,0.785203,512,512
1038849289,20200727_530079_Session1,1038749382,/allen/programs/braintv/production/neuralcoding/prod65/specimen_1029488616/ophys_session_1038749382/ophys_experiment_1038849289/,,157,VISp,passed,CAM2P.2,157.0,0.785203,512,512
1034781426,20200707_530083_Session1,1034639517,/allen/programs/braintv/production/neuralcoding/prod65/specimen_1026701368/ophys_session_1034639517/ophys_experiment_1034781426/,,175,VISp,passed,CAM2P.2,155.0,0.785203,512,512
1039140913,20200728_530079_Session2,1038935270,/allen/programs/braintv/production/neuralcoding/prod65/specimen_1029488616/ophys_session_1038935270/ophys_experiment_1039140913/,,157,VISp,passed,CAM2P.2,161.0,0.785203,512,512
1034961228,20200708_530083_Session2,1034894672,/allen/programs/braintv/production/neuralcoding/prod65/specimen_1026701368/ophys_session_1034894672/ophys_experiment_1034961228/,,200,VISp,passed,CAM2P.2,200.0,0.785203,512,512
1028911531,20200608_510079_session2,1028684055,/allen/programs/braintv/production/neuralcoding/prod65/specimen_1007319146/ophys_session_1028684055/ophys_experiment_1028911531/,,175,VISp,passed,CAM2P.2,185.0,0.785203,512,512
1028423962,20200606_510079_Session1_retake,1028333693,/allen/programs/braintv/production/neuralcoding/prod65/specimen_1007319146/ophys_session_1028333693/ophys_experiment_1028423962/,,175,VISp,passed,CAM2P.2,182.0,0.785203,512,512
784475432,20181121_392255_7RFMap_Test2,784358461,/allen/programs/braintv/production/visualbehavior/prod0/specimen_703210578/ophys_session_784358461/ophys_experiment_784475432/,,16,VISp,processing,CAM2P.3,0.0,0.78125,442,512
785615843,20181126_392255_7test,785432247,/allen/programs/braintv/production/visualbehavior/prod0/specimen_703210578/ophys_session_785432247/ophys_experiment_785615843/,,275,VISp,qc,CAM2P.3,,0.78125,442,512
805782731,20190108_405166_1.0.3Stage7_Test,805419021,/allen/programs/braintv/production/visualbehavior/prod0/specimen_729666570/ophys_session_805419021/ophys_experiment_805782731/,,175,VISp,processing,CAM2P.3,0.0,0.9765625,442,512
754065714,20180913_398692_9,752730539,/allen/programs/braintv/production/visualbehavior/prod0/specimen_713968361/ophys_session_752730539/ophys_experiment_754065714/,,375,VISp,passed,CAM2P.3,,0.78125,446,512
754845811,20180917_397142_VISp_375um_2P3_9a,754528253,/allen/programs/braintv/production/visualbehavior/prod0/specimen_710324788/ophys_session_754528253/ophys_experiment_754845811/,,375,VISp,failed,CAM2P.3,,0.78125,446,512
754068195,20180913_398691_9b,752500305,/allen/programs/braintv/production/visualbehavior/prod0/specimen_713426167/ophys_session_752500305/ophys_experiment_754068195/,,375,VISp,failed,CAM2P.3,,0.78125,446,512
757628501,20180924_398691_9c,756870261,/allen/programs/braintv/production/visualbehavior/prod0/specimen_713426167/ophys_session_756870261/ophys_experiment_757628501/,,375,VISp,failed,CAM2P.3,,0.78125,446,512
764532093,20181016_400523_9,764348964,/allen/programs/braintv/production/visualbehavior/prod0/specimen_716520611/ophys_session_764348964/ophys_experiment_764532093/,,175,VISp,failed,CAM2P.5,,0.78125,445,512
764132827,20181015_400523_9,763603124,/allen/programs/braintv/production/visualbehavior/prod0/specimen_716520611/ophys_session_763603124/ophys_experiment_764132827/,,175,VISp,failed,CAM2P.5,,0.78125,445,512
767312095,20181022_408013_9,766394154,/allen/programs/braintv/production/visualbehavior/prod0/specimen_734705403/ophys_session_766394154/ophys_experiment_767312095/,,275,VISp,qc,CAM2P.3,,0.78125,446,512
767322431,20181023_408013_9,767045388,/allen/programs/braintv/production/visualbehavior/prod0/specimen_734705403/ophys_session_767045388/ophys_experiment_767322431/,,275,VISp,qc,CAM2P.3,,0.78125,446,512
764532079,20181016_392256_9b,764177879,/allen/programs/braintv/production/visualbehavior/prod0/specimen_705093670/ophys_session_764177879/ophys_experiment_764532079/,,175,VISp,passed,CAM2P.5,,0.78125,445,512
886001002,20190612_449653_Ophys7_VISl_100_100_209,885653926,/allen/programs/braintv/production/neuralcoding/prod0/specimen_837628436/ophys_session_885653926/ophys_experiment_886001002/,,209,VISl,passed,MESO.1,209.0,0.78,512,512
886000994,20190612_449653_Ophys7_VISp_0_0_235,885653926,/allen/programs/braintv/production/neuralcoding/prod0/specimen_837628436/ophys_session_885653926/ophys_experiment_886000994/,,235,VISp,passed,MESO.1,235.0,0.78,512,512
886000996,20190612_449653_Ophys7_VISp_0_0_160,885653926,/allen/programs/braintv/production/neuralcoding/prod0/specimen_837628436/ophys_session_885653926/ophys_experiment_886000996/,,160,VISp,passed,MESO.1,160.0,0.78,512,512
886000998,20190612_449653_Ophys7_VISp_0_0_310,885653926,/allen/programs/braintv/production/neuralcoding/prod0/specimen_837628436/ophys_session_885653926/ophys_experiment_886000998/,,310,VISp,passed,MESO.1,310.0,0.78,512,512
886001000,20190612_449653_Ophys7_VISp_0_0_81,885653926,/allen/programs/braintv/production/neuralcoding/prod0/specimen_837628436/ophys_session_885653926/ophys_experiment_886001000/,,81,VISp,passed,MESO.1,81.0,0.78,512,512
886001006,20190612_449653_Ophys7_VISl_100_100_142,885653926,/allen/programs/braintv/production/neuralcoding/prod0/specimen_837628436/ophys_session_885653926/ophys_experiment_886001006/,,142,VISl,passed,MESO.1,142.0,0.78,512,512
886001009,20190612_449653_Ophys7_VISl_100_100_296,885653926,/allen/programs/braintv/production/neuralcoding/prod0/specimen_837628436/ophys_session_885653926/ophys_experiment_886001009/,,296,VISl,passed,MESO.1,296.0,0.78,512,512
886001011,20190612_449653_Ophys7_VISl_100_100_75,885653926,/allen/programs/braintv/production/neuralcoding/prod0/specimen_837628436/ophys_session_885653926/ophys_experiment_886001011/,,75,VISl,passed,MESO.1,75.0,0.78,512,512
